[{"model": "main.parameters", "pk": 1, "fields": {"contact_email": "JohnSmith@abc.edu", "experiment_time_zone": "US/Pacific", "site_url": "http://localhost:8000", "invitation_text": "", "invitation_subject": "", "timestamp": "2023-07-14T15:51:11.256Z", "updated": "2023-07-14T15:51:11.256Z"}}, {"model": "main.instructionset", "pk": 1, "fields": {"label": "one", "timestamp": "2023-07-14T15:52:09.718Z", "updated": "2023-07-14T15:52:09.718Z"}}, {"model": "main.instruction", "pk": 1, "fields": {"instruction_set": 1, "text_html": "<p>page 1</p>", "page_number": 1, "timestamp": "2023-07-14T15:52:09.719Z", "updated": "2023-07-14T15:52:09.719Z"}}, {"model": "main.parameterset", "pk": 2, "fields": {"instruction_set": 1, "period_count": 20, "period_length": 60, "private_chat": true, "show_instructions": false, "survey_required": false, "survey_link": "", "prolific_mode": false, "prolific_completion_link": "", "world_width": 10000, "world_height": 10000, "field_width": 300, "field_height": 500, "house_width": 350, "house_height": 500, "avatar_scale": "1.00", "production_effort": 10, "interaction_length": 10, "cool_down_length": 10, "interaction_range": 300, "reconnection_limit": 25, "test_mode": false, "json_for_session": {"id": 2, "test_mode": "False", "survey_link": "", "world_width": 10000, "period_count": 20, "private_chat": "False", "world_height": 10000, "period_length": 60, "prolific_mode": "False", "instruction_set": {"id": 1, "label": "one"}, "survey_required": "False", "cool_down_length": 10, "interaction_range": 300, "show_instructions": "False", "tokens_per_period": 1, "interaction_length": 10, "reconnection_limit": 25, "parameter_set_walls": {"1": {"id": 1, "info": "Green Top", "width": 4000, "height": 100, "start_x": 100, "start_y": 100}, "3": {"id": 3, "info": "Green Right", "width": 100, "height": 1600, "start_x": 4100, "start_y": 100}, "4": {"id": 4, "info": "Green Left", "width": 100, "height": 4000, "start_x": 100, "start_y": 100}, "7": {"id": 7, "info": "Green Bottom", "width": 1600, "height": 100, "start_x": 100, "start_y": 4100}, "9": {"id": 9, "info": "Red Top", "width": 4000, "height": 100, "start_x": 5800, "start_y": 100}, "10": {"id": 10, "info": "Red Right", "width": 100, "height": 4000, "start_x": 9800, "start_y": 100}, "11": {"id": 11, "info": "Red Left", "width": 100, "height": 1500, "start_x": 5800, "start_y": 100}, "12": {"id": 12, "info": "Red Bottom", "width": 1600, "height": 100, "start_x": 5800, "start_y": 4100}, "13": {"id": 13, "info": "Blue Top", "width": 1600, "height": 100, "start_x": 100, "start_y": 5800}, "14": {"id": 14, "info": "Blue Right", "width": 100, "height": 1600, "start_x": 4100, "start_y": 5800}, "15": {"id": 15, "info": "Blue Left", "width": 100, "height": 4000, "start_x": 100, "start_y": 5800}, "16": {"id": 16, "info": "Blue Bottom", "width": 4100, "height": 100, "start_x": 100, "start_y": 9800}, "17": {"id": 17, "info": "Yellow Top", "width": 1600, "height": 100, "start_x": 5800, "start_y": 5800}, "18": {"id": 18, "info": "Yellow Right", "width": 100, "height": 4000, "start_x": 9800, "start_y": 5800}, "19": {"id": 19, "info": "Yellow Left", "width": 100, "height": 1600, "start_x": 5800, "start_y": 5800}, "20": {"id": 20, "info": "Yellow Bottom", "width": 4100, "height": 100, "start_x": 5800, "start_y": 9800}, "21": {"id": 21, "info": "Bridge North", "width": 1800, "height": 100, "start_x": 4100, "start_y": 1600}, "22": {"id": 22, "info": "Bridge North", "width": 1800, "height": 100, "start_x": 4100, "start_y": 2600}, "23": {"id": 23, "info": "Green Right", "width": 100, "height": 1600, "start_x": 4100, "start_y": 2600}, "24": {"id": 24, "info": "Bridge East", "width": 100, "height": 1700, "start_x": 7300, "start_y": 4200}, "25": {"id": 25, "info": "Bridge East", "width": 100, "height": 1700, "start_x": 8300, "start_y": 4200}, "26": {"id": 26, "info": "Red Left", "width": 100, "height": 1600, "start_x": 5800, "start_y": 2600}, "27": {"id": 27, "info": "Red Bottom", "width": 1600, "height": 100, "start_x": 8300, "start_y": 4100}, "28": {"id": 28, "info": "Yellow Top", "width": 1600, "height": 100, "start_x": 8300, "start_y": 5800}, "29": {"id": 29, "info": "Bridge South", "width": 1800, "height": 100, "start_x": 4100, "start_y": 7300}, "30": {"id": 30, "info": "Bridge South", "width": 1800, "height": 100, "start_x": 4100, "start_y": 8300}, "31": {"id": 31, "info": "Yellow Left", "width": 100, "height": 1600, "start_x": 5800, "start_y": 8300}, "32": {"id": 32, "info": "Blue Left", "width": 100, "height": 1600, "start_x": 4100, "start_y": 8300}, "33": {"id": 33, "info": "Bridge West", "width": 100, "height": 1700, "start_x": 1600, "start_y": 4200}, "34": {"id": 34, "info": "Bridge West", "width": 100, "height": 1700, "start_x": 2600, "start_y": 4200}, "35": {"id": 35, "info": "Green Bottom", "width": 1600, "height": 100, "start_x": 2600, "start_y": 4100}, "36": {"id": 36, "info": "Blue Top", "width": 1600, "height": 100, "start_x": 2600, "start_y": 5800}}, "parameter_set_fields": {}, "parameter_set_grounds": {"1": {"x": 200, "y": 200, "id": 1, "info": "Green Zone", "tint": "0x90EE90", "scale": "1.00", "width": 3900, "height": 3900, "texture": "grass_tex", "rotation": "0.00"}, "5": {"x": 5900, "y": 200, "id": 5, "info": "Red Zone", "tint": "0xFFB6C1", "scale": "1.00", "width": 3900, "height": 3900, "texture": "grass_tex", "rotation": "0.00"}, "6": {"x": 200, "y": 5900, "id": 6, "info": "Blue Zone", "tint": "0x87CEFA", "scale": "1.00", "width": 3900, "height": 3900, "texture": "grass_tex", "rotation": "0.00"}, "7": {"x": 5900, "y": 5900, "id": 7, "info": "Yellow", "tint": "0xF0E68C", "scale": "1.00", "width": 3900, "height": 3900, "texture": "grass_tex", "rotation": "0.00"}, "8": {"x": 4100, "y": 1700, "id": 8, "info": "Bridge North", "tint": "0xFFFFFF", "scale": "1.00", "width": 1800, "height": 1000, "texture": "bridge_tex", "rotation": "0.00"}, "9": {"x": 7400, "y": 4100, "id": 9, "info": "Bridge East", "tint": "0xFFFFFF", "scale": "1.00", "width": 1000, "height": 1800, "texture": "bridge_tex", "rotation": "1.57"}, "10": {"x": 4100, "y": 7300, "id": 10, "info": "Bridge South", "tint": "0xFFFFFF", "scale": "1.00", "width": 1800, "height": 1000, "texture": "bridge_tex", "rotation": "0.00"}, "11": {"x": 1600, "y": 4100, "id": 11, "info": "Bridge West", "tint": "0xFFFFFF", "scale": "1.00", "width": 1000, "height": 1800, "texture": "bridge_tex", "rotation": "1.57"}}, "parameter_set_players": {"1": {"id": 1, "start_x": 500, "start_y": 500, "id_label": "G1", "hex_color": "0x50c878", "player_number": 1}, "2": {"id": 2, "start_x": 500, "start_y": 700, "id_label": "G2", "hex_color": "0x50C878", "player_number": 2}}, "prolific_completion_link": "", "parameter_set_field_types": {}, "parameter_set_walls_order": [1, 3, 4, 7, 9, 10, 11, 12, 13, 14, 15, 16, 17, 18, 19, 20, 21, 22, 23, 24, 25, 26, 27, 28, 29, 30, 31, 32, 33, 34, 35, 36], "parameter_set_fields_order": [], "parameter_set_grounds_order": [1, 5, 6, 7, 8, 9, 10, 11], "parameter_set_players_order": [1, 2], "parameter_set_field_types_order": []}, "timestamp": "2023-07-14T15:52:12.834Z", "updated": "2023-07-21T05:02:36.286Z"}}, {"model": "main.parameterset", "pk": 4, "fields": {"instruction_set": 1, "period_count": 20, "period_length": 60, "private_chat": false, "show_instructions": false, "survey_required": false, "survey_link": "", "prolific_mode": false, "prolific_completion_link": "", "world_width": 10000, "world_height": 10000, "field_width": 225, "field_height": 375, "house_width": 262, "house_height": 375, "avatar_scale": "0.50", "production_effort": 10, "interaction_length": 10, "cool_down_length": 10, "interaction_range": 200, "reconnection_limit": 25, "test_mode": false, "json_for_session": {"id": 4, "test_mode": "False", "field_width": 225, "house_width": 262, "survey_link": "", "world_width": 10000, "avatar_scale": "0.50", "field_height": 375, "house_height": 375, "period_count": 20, "private_chat": "False", "world_height": 10000, "period_length": 60, "prolific_mode": "False", "instruction_set": {"id": 1, "label": "one"}, "survey_required": "False", "cool_down_length": 10, "interaction_range": 200, "production_effort": 10, "show_instructions": "False", "interaction_length": 10, "reconnection_limit": 25, "parameter_set_walls": {"165": {"id": 165, "info": "Green Top", "width": 4000, "height": 100, "start_x": 100, "start_y": 100}, "166": {"id": 166, "info": "Green Right", "width": 100, "height": 1600, "start_x": 4100, "start_y": 100}, "167": {"id": 167, "info": "Green Left", "width": 100, "height": 4000, "start_x": 100, "start_y": 100}, "168": {"id": 168, "info": "Green Bottom", "width": 1600, "height": 100, "start_x": 100, "start_y": 4100}, "169": {"id": 169, "info": "Red Top", "width": 4000, "height": 100, "start_x": 5800, "start_y": 100}, "170": {"id": 170, "info": "Red Right", "width": 100, "height": 4000, "start_x": 9800, "start_y": 100}, "171": {"id": 171, "info": "Red Left", "width": 100, "height": 1500, "start_x": 5800, "start_y": 100}, "172": {"id": 172, "info": "Red Bottom", "width": 1600, "height": 100, "start_x": 5800, "start_y": 4100}, "173": {"id": 173, "info": "Blue Top", "width": 1600, "height": 100, "start_x": 100, "start_y": 5800}, "174": {"id": 174, "info": "Blue Right", "width": 100, "height": 1600, "start_x": 4100, "start_y": 5800}, "175": {"id": 175, "info": "Blue Left", "width": 100, "height": 4000, "start_x": 100, "start_y": 5800}, "176": {"id": 176, "info": "Blue Bottom", "width": 4100, "height": 100, "start_x": 100, "start_y": 9800}, "177": {"id": 177, "info": "Yellow Top", "width": 1600, "height": 100, "start_x": 5800, "start_y": 5800}, "178": {"id": 178, "info": "Yellow Right", "width": 100, "height": 4000, "start_x": 9800, "start_y": 5800}, "179": {"id": 179, "info": "Yellow Left", "width": 100, "height": 1600, "start_x": 5800, "start_y": 5800}, "180": {"id": 180, "info": "Yellow Bottom", "width": 4100, "height": 100, "start_x": 5800, "start_y": 9800}, "181": {"id": 181, "info": "Bridge North", "width": 1800, "height": 100, "start_x": 4100, "start_y": 1600}, "182": {"id": 182, "info": "Bridge North", "width": 1800, "height": 100, "start_x": 4100, "start_y": 2600}, "183": {"id": 183, "info": "Green Right", "width": 100, "height": 1600, "start_x": 4100, "start_y": 2600}, "184": {"id": 184, "info": "Bridge East", "width": 100, "height": 1700, "start_x": 7300, "start_y": 4200}, "185": {"id": 185, "info": "Bridge East", "width": 100, "height": 1700, "start_x": 8300, "start_y": 4200}, "186": {"id": 186, "info": "Red Left", "width": 100, "height": 1600, "start_x": 5800, "start_y": 2600}, "187": {"id": 187, "info": "Red Bottom", "width": 1600, "height": 100, "start_x": 8300, "start_y": 4100}, "188": {"id": 188, "info": "Yellow Top", "width": 1600, "height": 100, "start_x": 8300, "start_y": 5800}, "189": {"id": 189, "info": "Bridge South", "width": 1800, "height": 100, "start_x": 4100, "start_y": 7300}, "190": {"id": 190, "info": "Bridge South", "width": 1800, "height": 100, "start_x": 4100, "start_y": 8300}, "191": {"id": 191, "info": "Yellow Left", "width": 100, "height": 1600, "start_x": 5800, "start_y": 8300}, "192": {"id": 192, "info": "Blue Left", "width": 100, "height": 1600, "start_x": 4100, "start_y": 8300}, "193": {"id": 193, "info": "Bridge West", "width": 100, "height": 1700, "start_x": 1600, "start_y": 4200}, "194": {"id": 194, "info": "Bridge West", "width": 100, "height": 1700, "start_x": 2600, "start_y": 4200}, "195": {"id": 195, "info": "Green Bottom", "width": 1600, "height": 100, "start_x": 2600, "start_y": 4100}, "196": {"id": 196, "info": "Blue Top", "width": 1600, "height": 100, "start_x": 2600, "start_y": 5800}}, "parameter_set_fields": {"1": {"x": 3750, "y": 1400, "id": 1, "parameter_set_player": 12, "parameter_set_field_type": 1}, "2": {"x": 3250, "y": 1400, "id": 2, "parameter_set_player": 13, "parameter_set_field_type": 2}, "15": {"x": 3250, "y": 2900, "id": 15, "parameter_set_player": 33, "parameter_set_field_type": 2}, "16": {"x": 3750, "y": 2900, "id": 16, "parameter_set_player": 34, "parameter_set_field_type": 1}, "17": {"x": 2850, "y": 3100, "id": 17, "parameter_set_player": 12, "parameter_set_field_type": 2}, "18": {"x": 2850, "y": 3700, "id": 18, "parameter_set_player": 13, "parameter_set_field_type": 1}, "19": {"x": 1500, "y": 3100, "id": 19, "parameter_set_player": 33, "parameter_set_field_type": 1}, "20": {"x": 1500, "y": 3700, "id": 20, "parameter_set_player": 34, "parameter_set_field_type": 2}}, "parameter_set_grounds": {"28": {"x": 200, "y": 200, "id": 28, "info": "Green Zone", "tint": "0x90EE90", "scale": "1.00", "width": 3900, "height": 3900, "texture": "grass_tex", "rotation": "0.00"}, "29": {"x": 5900, "y": 200, "id": 29, "info": "Red Zone", "tint": "0xFFB6C1", "scale": "1.00", "width": 3900, "height": 3900, "texture": "grass_tex", "rotation": "0.00"}, "30": {"x": 200, "y": 5900, "id": 30, "info": "Blue Zone", "tint": "0x87CEFA", "scale": "1.00", "width": 3900, "height": 3900, "texture": "grass_tex", "rotation": "0.00"}, "31": {"x": 5900, "y": 5900, "id": 31, "info": "Yellow", "tint": "0xF0E68C", "scale": "1.00", "width": 3900, "height": 3900, "texture": "grass_tex", "rotation": "0.00"}, "32": {"x": 4100, "y": 1700, "id": 32, "info": "Bridge North", "tint": "0xFFFFFF", "scale": "1.00", "width": 1800, "height": 1000, "texture": "bridge_tex", "rotation": "0.00"}, "33": {"x": 7400, "y": 4100, "id": 33, "info": "Bridge East", "tint": "0xFFFFFF", "scale": "1.00", "width": 1000, "height": 1800, "texture": "bridge_tex", "rotation": "1.57"}, "34": {"x": 4100, "y": 7300, "id": 34, "info": "Bridge South", "tint": "0xFFFFFF", "scale": "1.00", "width": 1800, "height": 1000, "texture": "bridge_tex", "rotation": "0.00"}, "35": {"x": 1600, "y": 4100, "id": 35, "info": "Bridge West", "tint": "0xFFFFFF", "scale": "1.00", "width": 1000, "height": 1800, "texture": "bridge_tex", "rotation": "1.57"}}, "parameter_set_players": {"12": {"id": 12, "house_x": 1000, "house_y": 500, "start_x": 2000, "start_y": 2000, "good_one": "Cherry", "good_two": "Blueberry", "id_label": "G1", "hex_color": "0x90EE90", "good_three": "Pineapple", "player_number": 1}, "13": {"id": 13, "house_x": 2000, "house_y": 500, "start_x": 2500, "start_y": 2000, "good_one": "Cherry", "good_two": "Blueberry", "id_label": "G2", "hex_color": "0x228b22", "good_three": "Pineapple", "player_number": 2}, "33": {"id": 33, "house_x": 1000, "house_y": 1500, "start_x": 2000, "start_y": 2500, "good_one": "Cherry", "good_two": "Blueberry", "id_label": "G3", "hex_color": "0x33b864", "good_three": "Pineapple", "player_number": 3}, "34": {"id": 34, "house_x": 2000, "house_y": 1500, "start_x": 2500, "start_y": 2500, "good_one": "Cherry", "good_two": "Blueberry", "id_label": "G4", "hex_color": "0x2e8b57", "good_three": "Pineapple", "player_number": 4}}, "prolific_completion_link": "", "parameter_set_field_types": {"1": {"id": 1, "info": "Green Odd", "good_one": "Cherry", "good_two": "Blueberry", "display_text": "ODD", "good_one_rho": "1.00000", "good_two_rho": "1.00000", "good_one_alpha": "1.00000", "good_one_omega": "1.00000", "good_two_alpha": "1.00000", "good_two_omega": "1.00000", "start_on_period": 1, "reset_every_n_periods": 2}, "2": {"id": 2, "info": "Green Even", "good_one": "Cherry", "good_two": "Blueberry", "display_text": "EVEN", "good_one_rho": "1.00000", "good_two_rho": "1.00000", "good_one_alpha": "1.00000", "good_one_omega": "1.00000", "good_two_alpha": "1.00000", "good_two_omega": "1.00000", "start_on_period": 2, "reset_every_n_periods": 2}}, "parameter_set_walls_order": [165, 166, 167, 168, 169, 170, 171, 172, 173, 174, 175, 176, 177, 178, 179, 180, 181, 182, 183, 184, 185, 186, 187, 188, 189, 190, 191, 192, 193, 194, 195, 196], "parameter_set_fields_order": [1, 2, 15, 16, 17, 18, 19, 20], "parameter_set_grounds_order": [28, 29, 30, 31, 32, 33, 34, 35], "parameter_set_players_order": [12, 13, 33, 34], "parameter_set_field_types_order": [1, 2]}, "timestamp": "2023-07-19T17:18:42.727Z", "updated": "2023-07-27T16:14:27.240Z"}}, {"model": "main.parameterset", "pk": 20, "fields": {"instruction_set": 1, "period_count": 20, "period_length": 60, "private_chat": false, "show_instructions": false, "survey_required": false, "survey_link": "", "prolific_mode": false, "prolific_completion_link": "", "world_width": 10000, "world_height": 10000, "field_width": 225, "field_height": 375, "house_width": 262, "house_height": 375, "avatar_scale": "0.50", "production_effort": 10, "interaction_length": 10, "cool_down_length": 10, "interaction_range": 200, "reconnection_limit": 25, "test_mode": false, "json_for_session": {"id": 20, "test_mode": "False", "field_width": 225, "house_width": 262, "survey_link": "", "world_width": 10000, "avatar_scale": "0.50", "field_height": 375, "house_height": 375, "period_count": 20, "private_chat": "False", "world_height": 10000, "period_length": 60, "prolific_mode": "False", "instruction_set": {"id": 1, "label": "one"}, "survey_required": "False", "cool_down_length": 10, "interaction_range": 200, "production_effort": 10, "show_instructions": "False", "interaction_length": 10, "reconnection_limit": 25, "parameter_set_walls": {"837": {"id": 837, "info": "Green Top", "width": 4000, "height": 100, "start_x": 100, "start_y": 100}, "838": {"id": 838, "info": "Green Right", "width": 100, "height": 1600, "start_x": 4100, "start_y": 100}, "839": {"id": 839, "info": "Green Left", "width": 100, "height": 4000, "start_x": 100, "start_y": 100}, "840": {"id": 840, "info": "Green Bottom", "width": 1600, "height": 100, "start_x": 100, "start_y": 4100}, "841": {"id": 841, "info": "Red Top", "width": 4000, "height": 100, "start_x": 5800, "start_y": 100}, "842": {"id": 842, "info": "Red Right", "width": 100, "height": 4000, "start_x": 9800, "start_y": 100}, "843": {"id": 843, "info": "Red Left", "width": 100, "height": 1500, "start_x": 5800, "start_y": 100}, "844": {"id": 844, "info": "Red Bottom", "width": 1600, "height": 100, "start_x": 5800, "start_y": 4100}, "845": {"id": 845, "info": "Blue Top", "width": 1600, "height": 100, "start_x": 100, "start_y": 5800}, "846": {"id": 846, "info": "Blue Right", "width": 100, "height": 1600, "start_x": 4100, "start_y": 5800}, "847": {"id": 847, "info": "Blue Left", "width": 100, "height": 4000, "start_x": 100, "start_y": 5800}, "848": {"id": 848, "info": "Blue Bottom", "width": 4100, "height": 100, "start_x": 100, "start_y": 9800}, "849": {"id": 849, "info": "Yellow Top", "width": 1600, "height": 100, "start_x": 5800, "start_y": 5800}, "850": {"id": 850, "info": "Yellow Right", "width": 100, "height": 4000, "start_x": 9800, "start_y": 5800}, "851": {"id": 851, "info": "Yellow Left", "width": 100, "height": 1600, "start_x": 5800, "start_y": 5800}, "852": {"id": 852, "info": "Yellow Bottom", "width": 4100, "height": 100, "start_x": 5800, "start_y": 9800}, "853": {"id": 853, "info": "Bridge North", "width": 1800, "height": 100, "start_x": 4100, "start_y": 1600}, "854": {"id": 854, "info": "Bridge North", "width": 1800, "height": 100, "start_x": 4100, "start_y": 2600}, "855": {"id": 855, "info": "Green Right", "width": 100, "height": 1600, "start_x": 4100, "start_y": 2600}, "856": {"id": 856, "info": "Bridge East", "width": 100, "height": 1700, "start_x": 7300, "start_y": 4200}, "857": {"id": 857, "info": "Bridge East", "width": 100, "height": 1700, "start_x": 8300, "start_y": 4200}, "858": {"id": 858, "info": "Red Left", "width": 100, "height": 1600, "start_x": 5800, "start_y": 2600}, "859": {"id": 859, "info": "Red Bottom", "width": 1600, "height": 100, "start_x": 8300, "start_y": 4100}, "860": {"id": 860, "info": "Yellow Top", "width": 1600, "height": 100, "start_x": 8300, "start_y": 5800}, "861": {"id": 861, "info": "Bridge South", "width": 1800, "height": 100, "start_x": 4100, "start_y": 7300}, "862": {"id": 862, "info": "Bridge South", "width": 1800, "height": 100, "start_x": 4100, "start_y": 8300}, "863": {"id": 863, "info": "Yellow Left", "width": 100, "height": 1600, "start_x": 5800, "start_y": 8300}, "864": {"id": 864, "info": "Blue Left", "width": 100, "height": 1600, "start_x": 4100, "start_y": 8300}, "865": {"id": 865, "info": "Bridge West", "width": 100, "height": 1700, "start_x": 1600, "start_y": 4200}, "866": {"id": 866, "info": "Bridge West", "width": 100, "height": 1700, "start_x": 2600, "start_y": 4200}, "867": {"id": 867, "info": "Green Bottom", "width": 1600, "height": 100, "start_x": 2600, "start_y": 4100}, "868": {"id": 868, "info": "Blue Top", "width": 1600, "height": 100, "start_x": 2600, "start_y": 5800}}, "parameter_set_fields": {"117": {"x": 3750, "y": 1400, "id": 117, "parameter_set_player": 83, "parameter_set_field_type": 46}, "118": {"x": 3250, "y": 1400, "id": 118, "parameter_set_player": 84, "parameter_set_field_type": 47}, "119": {"x": 3250, "y": 2900, "id": 119, "parameter_set_player": 85, "parameter_set_field_type": 47}, "120": {"x": 3750, "y": 2900, "id": 120, "parameter_set_player": 86, "parameter_set_field_type": 46}, "121": {"x": 2850, "y": 3100, "id": 121, "parameter_set_player": 83, "parameter_set_field_type": 47}, "122": {"x": 2850, "y": 3700, "id": 122, "parameter_set_player": 84, "parameter_set_field_type": 46}, "123": {"x": 1500, "y": 3100, "id": 123, "parameter_set_player": 85, "parameter_set_field_type": 46}, "124": {"x": 1500, "y": 3700, "id": 124, "parameter_set_player": 86, "parameter_set_field_type": 47}}, "parameter_set_grounds": {"196": {"x": 200, "y": 200, "id": 196, "info": "Green Zone", "tint": "0x90EE90", "scale": "1.00", "width": 3900, "height": 3900, "texture": "grass_tex", "rotation": "0.00"}, "197": {"x": 5900, "y": 200, "id": 197, "info": "Red Zone", "tint": "0xFFB6C1", "scale": "1.00", "width": 3900, "height": 3900, "texture": "grass_tex", "rotation": "0.00"}, "198": {"x": 200, "y": 5900, "id": 198, "info": "Blue Zone", "tint": "0x87CEFA", "scale": "1.00", "width": 3900, "height": 3900, "texture": "grass_tex", "rotation": "0.00"}, "199": {"x": 5900, "y": 5900, "id": 199, "info": "Yellow", "tint": "0xF0E68C", "scale": "1.00", "width": 3900, "height": 3900, "texture": "grass_tex", "rotation": "0.00"}, "200": {"x": 4100, "y": 1700, "id": 200, "info": "Bridge North", "tint": "0xFFFFFF", "scale": "1.00", "width": 1800, "height": 1000, "texture": "bridge_tex", "rotation": "0.00"}, "201": {"x": 7400, "y": 4100, "id": 201, "info": "Bridge East", "tint": "0xFFFFFF", "scale": "1.00", "width": 1000, "height": 1800, "texture": "bridge_tex", "rotation": "1.57"}, "202": {"x": 4100, "y": 7300, "id": 202, "info": "Bridge South", "tint": "0xFFFFFF", "scale": "1.00", "width": 1800, "height": 1000, "texture": "bridge_tex", "rotation": "0.00"}, "203": {"x": 1600, "y": 4100, "id": 203, "info": "Bridge West", "tint": "0xFFFFFF", "scale": "1.00", "width": 1000, "height": 1800, "texture": "bridge_tex", "rotation": "1.57"}}, "parameter_set_players": {"83": {"id": 83, "house_x": 1000, "house_y": 500, "start_x": 3500, "start_y": 1400, "good_one": "Cherry", "good_two": "Blueberry", "id_label": "G1", "hex_color": "0x90EE90", "good_three": "Pineapple", "player_number": 1}, "84": {"id": 84, "house_x": 2000, "house_y": 500, "start_x": 2500, "start_y": 2000, "good_one": "Cherry", "good_two": "Blueberry", "id_label": "G2", "hex_color": "0x228b22", "good_three": "Pineapple", "player_number": 2}, "85": {"id": 85, "house_x": 1000, "house_y": 1500, "start_x": 2000, "start_y": 2500, "good_one": "Cherry", "good_two": "Blueberry", "id_label": "G3", "hex_color": "0x33b864", "good_three": "Pineapple", "player_number": 3}, "86": {"id": 86, "house_x": 2000, "house_y": 1500, "start_x": 2500, "start_y": 2500, "good_one": "Cherry", "good_two": "Blueberry", "id_label": "G4", "hex_color": "0x2e8b57", "good_three": "Pineapple", "player_number": 4}}, "prolific_completion_link": "", "parameter_set_field_types": {"46": {"id": 46, "info": "Green Odd", "good_one": "Cherry", "good_two": "Blueberry", "display_text": "ODD", "good_one_rho": "0.25000", "good_two_rho": "0.25000", "good_one_alpha": "1.00000", "good_one_omega": "1.00000", "good_two_alpha": "1.00000", "good_two_omega": "1.00000", "start_on_period": 2, "reset_every_n_periods": 2}, "47": {"id": 47, "info": "Green Even", "good_one": "Cherry", "good_two": "Blueberry", "display_text": "EVEN", "good_one_rho": "0.25000", "good_two_rho": "0.25000", "good_one_alpha": "1.00000", "good_one_omega": "1.00000", "good_two_alpha": "1.00000", "good_two_omega": "1.00000", "start_on_period": 1, "reset_every_n_periods": 2}}, "parameter_set_walls_order": [837, 838, 839, 840, 841, 842, 843, 844, 845, 846, 847, 848, 849, 850, 851, 852, 853, 854, 855, 856, 857, 858, 859, 860, 861, 862, 863, 864, 865, 866, 867, 868], "parameter_set_fields_order": [117, 118, 119, 120, 121, 122, 123, 124], "parameter_set_grounds_order": [196, 197, 198, 199, 200, 201, 202, 203], "parameter_set_players_order": [83, 84, 85, 86], "parameter_set_field_types_order": [46, 47]}, "timestamp": "2023-07-28T00:33:39.659Z", "updated": "2023-08-03T18:08:47.367Z"}}, {"model": "main.parametersetplayer", "pk": 1, "fields": {"parameter_set": 2, "id_label": "G1", "player_number": 1, "start_x": 500, "start_y": 500, "house_x": 50, "house_y": 50, "good_one": "Cherry", "good_two": "Blueberry", "good_three": "Pineapple", "hex_color": "0x50c878", "timestamp": "2023-07-14T15:55:10.173Z", "updated": "2023-07-17T16:32:27.321Z"}}, {"model": "main.parametersetplayer", "pk": 2, "fields": {"parameter_set": 2, "id_label": "G2", "player_number": 2, "start_x": 500, "start_y": 700, "house_x": 50, "house_y": 50, "good_one": "Cherry", "good_two": "Blueberry", "good_three": "Pineapple", "hex_color": "0x50C878", "timestamp": "2023-07-14T15:59:37.567Z", "updated": "2023-07-17T16:32:35.739Z"}}, {"model": "main.parametersetplayer", "pk": 12, "fields": {"parameter_set": 4, "id_label": "G1", "player_number": 1, "start_x": 2000, "start_y": 2000, "house_x": 1000, "house_y": 500, "good_one": "Cherry", "good_two": "Blueberry", "good_three": "Pineapple", "hex_color": "0x90EE90", "timestamp": "2023-07-19T17:19:11.408Z", "updated": "2023-07-24T21:13:34.453Z"}}, {"model": "main.parametersetplayer", "pk": 13, "fields": {"parameter_set": 4, "id_label": "G2", "player_number": 2, "start_x": 2500, "start_y": 2000, "house_x": 2000, "house_y": 500, "good_one": "Cherry", "good_two": "Blueberry", "good_three": "Pineapple", "hex_color": "0x228b22", "timestamp": "2023-07-19T17:19:11.418Z", "updated": "2023-07-24T21:14:31.408Z"}}, {"model": "main.parametersetplayer", "pk": 33, "fields": {"parameter_set": 4, "id_label": "G3", "player_number": 3, "start_x": 2000, "start_y": 2500, "house_x": 1000, "house_y": 1500, "good_one": "Cherry", "good_two": "Blueberry", "good_three": "Pineapple", "hex_color": "0x33b864", "timestamp": "2023-07-24T02:05:36.668Z", "updated": "2023-07-25T00:19:01.062Z"}}, {"model": "main.parametersetplayer", "pk": 34, "fields": {"parameter_set": 4, "id_label": "G4", "player_number": 4, "start_x": 2500, "start_y": 2500, "house_x": 2000, "house_y": 1500, "good_one": "Cherry", "good_two": "Blueberry", "good_three": "Pineapple", "hex_color": "0x2e8b57", "timestamp": "2023-07-24T02:05:38.063Z", "updated": "2023-07-25T00:23:01.634Z"}}, {"model": "main.parametersetplayer", "pk": 83, "fields": {"parameter_set": 20, "id_label": "G1", "player_number": 1, "start_x": 3500, "start_y": 1400, "house_x": 1000, "house_y": 500, "good_one": "Cherry", "good_two": "Blueberry", "good_three": "Pineapple", "hex_color": "0x90EE90", "timestamp": "2023-07-28T00:33:49.031Z", "updated": "2023-07-28T01:08:49.796Z"}}, {"model": "main.parametersetplayer", "pk": 84, "fields": {"parameter_set": 20, "id_label": "G2", "player_number": 2, "start_x": 2500, "start_y": 2000, "house_x": 2000, "house_y": 500, "good_one": "Cherry", "good_two": "Blueberry", "good_three": "Pineapple", "hex_color": "0x228b22", "timestamp": "2023-07-28T00:33:49.044Z", "updated": "2023-07-28T00:33:49.121Z"}}, {"model": "main.parametersetplayer", "pk": 85, "fields": {"parameter_set": 20, "id_label": "G3", "player_number": 3, "start_x": 2000, "start_y": 2500, "house_x": 1000, "house_y": 1500, "good_one": "Cherry", "good_two": "Blueberry", "good_three": "Pineapple", "hex_color": "0x33b864", "timestamp": "2023-07-28T00:33:49.056Z", "updated": "2023-07-28T00:33:49.142Z"}}, {"model": "main.parametersetplayer", "pk": 86, "fields": {"parameter_set": 20, "id_label": "G4", "player_number": 4, "start_x": 2500, "start_y": 2500, "house_x": 2000, "house_y": 1500, "good_one": "Cherry", "good_two": "Blueberry", "good_three": "Pineapple", "hex_color": "0x2e8b57", "timestamp": "2023-07-28T00:33:49.069Z", "updated": "2023-07-28T00:33:49.163Z"}}, {"model": "main.parametersetwall", "pk": 1, "fields": {"parameter_set": 2, "info": "Green Top", "start_x": 100, "start_y": 100, "width": 4000, "height": 100, "timestamp": "2023-07-14T20:11:58.395Z", "updated": "2023-07-17T20:35:52.978Z"}}, {"model": "main.parametersetwall", "pk": 3, "fields": {"parameter_set": 2, "info": "Green Right", "start_x": 4100, "start_y": 100, "width": 100, "height": 1600, "timestamp": "2023-07-14T21:24:02.443Z", "updated": "2023-07-17T23:36:51.392Z"}}, {"model": "main.parametersetwall", "pk": 4, "fields": {"parameter_set": 2, "info": "Green Left", "start_x": 100, "start_y": 100, "width": 100, "height": 4000, "timestamp": "2023-07-14T23:26:15.233Z", "updated": "2023-07-17T20:36:14.352Z"}}, {"model": "main.parametersetwall", "pk": 7, "fields": {"parameter_set": 2, "info": "Green Bottom", "start_x": 100, "start_y": 4100, "width": 1600, "height": 100, "timestamp": "2023-07-15T00:19:17.945Z", "updated": "2023-07-17T23:55:28.668Z"}}, {"model": "main.parametersetwall", "pk": 9, "fields": {"parameter_set": 2, "info": "Red Top", "start_x": 5800, "start_y": 100, "width": 4000, "height": 100, "timestamp": "2023-07-17T20:46:39.005Z", "updated": "2023-07-17T21:13:20.357Z"}}, {"model": "main.parametersetwall", "pk": 10, "fields": {"parameter_set": 2, "info": "Red Right", "start_x": 9800, "start_y": 100, "width": 100, "height": 4000, "timestamp": "2023-07-17T20:46:40.568Z", "updated": "2023-07-17T21:13:28.412Z"}}, {"model": "main.parametersetwall", "pk": 11, "fields": {"parameter_set": 2, "info": "Red Left", "start_x": 5800, "start_y": 100, "width": 100, "height": 1500, "timestamp": "2023-07-17T20:46:41.795Z", "updated": "2023-07-17T23:22:22.333Z"}}, {"model": "main.parametersetwall", "pk": 12, "fields": {"parameter_set": 2, "info": "Red Bottom", "start_x": 5800, "start_y": 4100, "width": 1600, "height": 100, "timestamp": "2023-07-17T20:46:42.824Z", "updated": "2023-07-17T23:26:03.092Z"}}, {"model": "main.parametersetwall", "pk": 13, "fields": {"parameter_set": 2, "info": "Blue Top", "start_x": 100, "start_y": 5800, "width": 1600, "height": 100, "timestamp": "2023-07-17T21:28:57.370Z", "updated": "2023-07-17T23:55:44.449Z"}}, {"model": "main.parametersetwall", "pk": 14, "fields": {"parameter_set": 2, "info": "Blue Right", "start_x": 4100, "start_y": 5800, "width": 100, "height": 1600, "timestamp": "2023-07-17T21:28:58.565Z", "updated": "2023-07-17T23:43:22.404Z"}}, {"model": "main.parametersetwall", "pk": 15, "fields": {"parameter_set": 2, "info": "Blue Left", "start_x": 100, "start_y": 5800, "width": 100, "height": 4000, "timestamp": "2023-07-17T21:28:59.680Z", "updated": "2023-07-17T22:15:36.206Z"}}, {"model": "main.parametersetwall", "pk": 16, "fields": {"parameter_set": 2, "info": "Blue Bottom", "start_x": 100, "start_y": 9800, "width": 4100, "height": 100, "timestamp": "2023-07-17T21:29:00.636Z", "updated": "2023-07-17T22:15:53.062Z"}}, {"model": "main.parametersetwall", "pk": 17, "fields": {"parameter_set": 2, "info": "Yellow Top", "start_x": 5800, "start_y": 5800, "width": 1600, "height": 100, "timestamp": "2023-07-17T22:18:40.390Z", "updated": "2023-07-17T23:30:01.791Z"}}, {"model": "main.parametersetwall", "pk": 18, "fields": {"parameter_set": 2, "info": "Yellow Right", "start_x": 9800, "start_y": 5800, "width": 100, "height": 4000, "timestamp": "2023-07-17T22:18:41.362Z", "updated": "2023-07-17T22:20:18.710Z"}}, {"model": "main.parametersetwall", "pk": 19, "fields": {"parameter_set": 2, "info": "Yellow Left", "start_x": 5800, "start_y": 5800, "width": 100, "height": 1600, "timestamp": "2023-07-17T22:18:42.408Z", "updated": "2023-07-17T23:43:11.590Z"}}, {"model": "main.parametersetwall", "pk": 20, "fields": {"parameter_set": 2, "info": "Yellow Bottom", "start_x": 5800, "start_y": 9800, "width": 4100, "height": 100, "timestamp": "2023-07-17T22:18:43.250Z", "updated": "2023-07-17T22:20:49.029Z"}}, {"model": "main.parametersetwall", "pk": 21, "fields": {"parameter_set": 2, "info": "Bridge North", "start_x": 4100, "start_y": 1600, "width": 1800, "height": 100, "timestamp": "2023-07-17T22:29:30.679Z", "updated": "2023-07-18T22:30:29.023Z"}}, {"model": "main.parametersetwall", "pk": 22, "fields": {"parameter_set": 2, "info": "Bridge North", "start_x": 4100, "start_y": 2600, "width": 1800, "height": 100, "timestamp": "2023-07-17T22:31:17.709Z", "updated": "2023-07-18T22:30:33.739Z"}}, {"model": "main.parametersetwall", "pk": 23, "fields": {"parameter_set": 2, "info": "Green Right", "start_x": 4100, "start_y": 2600, "width": 100, "height": 1600, "timestamp": "2023-07-17T22:35:35.923Z", "updated": "2023-07-17T23:37:04.861Z"}}, {"model": "main.parametersetwall", "pk": 24, "fields": {"parameter_set": 2, "info": "Bridge East", "start_x": 7300, "start_y": 4200, "width": 100, "height": 1700, "timestamp": "2023-07-17T23:12:45.454Z", "updated": "2023-07-18T22:30:39.714Z"}}, {"model": "main.parametersetwall", "pk": 25, "fields": {"parameter_set": 2, "info": "Bridge East", "start_x": 8300, "start_y": 4200, "width": 100, "height": 1700, "timestamp": "2023-07-17T23:20:28.153Z", "updated": "2023-07-18T22:30:43.798Z"}}, {"model": "main.parametersetwall", "pk": 26, "fields": {"parameter_set": 2, "info": "Red Left", "start_x": 5800, "start_y": 2600, "width": 100, "height": 1600, "timestamp": "2023-07-17T23:23:24.837Z", "updated": "2023-07-17T23:37:47.008Z"}}, {"model": "main.parametersetwall", "pk": 27, "fields": {"parameter_set": 2, "info": "Red Bottom", "start_x": 8300, "start_y": 4100, "width": 1600, "height": 100, "timestamp": "2023-07-17T23:26:04.579Z", "updated": "2023-07-17T23:27:09.372Z"}}, {"model": "main.parametersetwall", "pk": 28, "fields": {"parameter_set": 2, "info": "Yellow Top", "start_x": 8300, "start_y": 5800, "width": 1600, "height": 100, "timestamp": "2023-07-17T23:29:47.992Z", "updated": "2023-07-17T23:31:15.873Z"}}, {"model": "main.parametersetwall", "pk": 29, "fields": {"parameter_set": 2, "info": "Bridge South", "start_x": 4100, "start_y": 7300, "width": 1800, "height": 100, "timestamp": "2023-07-17T23:32:51.909Z", "updated": "2023-07-18T22:30:49.577Z"}}, {"model": "main.parametersetwall", "pk": 30, "fields": {"parameter_set": 2, "info": "Bridge South", "start_x": 4100, "start_y": 8300, "width": 1800, "height": 100, "timestamp": "2023-07-17T23:41:42.516Z", "updated": "2023-07-18T22:30:53.795Z"}}, {"model": "main.parametersetwall", "pk": 31, "fields": {"parameter_set": 2, "info": "Yellow Left", "start_x": 5800, "start_y": 8300, "width": 100, "height": 1600, "timestamp": "2023-07-17T23:44:33.369Z", "updated": "2023-07-17T23:45:16.655Z"}}, {"model": "main.parametersetwall", "pk": 32, "fields": {"parameter_set": 2, "info": "Blue Left", "start_x": 4100, "start_y": 8300, "width": 100, "height": 1600, "timestamp": "2023-07-17T23:45:27.056Z", "updated": "2023-07-17T23:46:53.948Z"}}, {"model": "main.parametersetwall", "pk": 33, "fields": {"parameter_set": 2, "info": "Bridge West", "start_x": 1600, "start_y": 4200, "width": 100, "height": 1700, "timestamp": "2023-07-17T23:46:07.010Z", "updated": "2023-07-18T22:30:58.394Z"}}, {"model": "main.parametersetwall", "pk": 34, "fields": {"parameter_set": 2, "info": "Bridge West", "start_x": 2600, "start_y": 4200, "width": 100, "height": 1700, "timestamp": "2023-07-17T23:51:32.069Z", "updated": "2023-07-18T22:31:04.227Z"}}, {"model": "main.parametersetwall", "pk": 35, "fields": {"parameter_set": 2, "info": "Green Bottom", "start_x": 2600, "start_y": 4100, "width": 1600, "height": 100, "timestamp": "2023-07-17T23:56:05.955Z", "updated": "2023-07-18T16:21:17.462Z"}}, {"model": "main.parametersetwall", "pk": 36, "fields": {"parameter_set": 2, "info": "Blue Top", "start_x": 2600, "start_y": 5800, "width": 1600, "height": 100, "timestamp": "2023-07-17T23:57:17.963Z", "updated": "2023-07-18T16:21:05.380Z"}}, {"model": "main.parametersetwall", "pk": 165, "fields": {"parameter_set": 4, "info": "Green Top", "start_x": 100, "start_y": 100, "width": 4000, "height": 100, "timestamp": "2023-07-19T17:19:11.465Z", "updated": "2023-07-19T17:19:11.470Z"}}, {"model": "main.parametersetwall", "pk": 166, "fields": {"parameter_set": 4, "info": "Green Right", "start_x": 4100, "start_y": 100, "width": 100, "height": 1600, "timestamp": "2023-07-19T17:19:11.476Z", "updated": "2023-07-19T17:19:11.480Z"}}, {"model": "main.parametersetwall", "pk": 167, "fields": {"parameter_set": 4, "info": "Green Left", "start_x": 100, "start_y": 100, "width": 100, "height": 4000, "timestamp": "2023-07-19T17:19:11.485Z", "updated": "2023-07-19T17:19:11.490Z"}}, {"model": "main.parametersetwall", "pk": 168, "fields": {"parameter_set": 4, "info": "Green Bottom", "start_x": 100, "start_y": 4100, "width": 1600, "height": 100, "timestamp": "2023-07-19T17:19:11.496Z", "updated": "2023-07-19T17:19:11.500Z"}}, {"model": "main.parametersetwall", "pk": 169, "fields": {"parameter_set": 4, "info": "Red Top", "start_x": 5800, "start_y": 100, "width": 4000, "height": 100, "timestamp": "2023-07-19T17:19:11.505Z", "updated": "2023-07-19T17:19:11.509Z"}}, {"model": "main.parametersetwall", "pk": 170, "fields": {"parameter_set": 4, "info": "Red Right", "start_x": 9800, "start_y": 100, "width": 100, "height": 4000, "timestamp": "2023-07-19T17:19:11.514Z", "updated": "2023-07-19T17:19:11.518Z"}}, {"model": "main.parametersetwall", "pk": 171, "fields": {"parameter_set": 4, "info": "Red Left", "start_x": 5800, "start_y": 100, "width": 100, "height": 1500, "timestamp": "2023-07-19T17:19:11.523Z", "updated": "2023-07-19T17:19:11.528Z"}}, {"model": "main.parametersetwall", "pk": 172, "fields": {"parameter_set": 4, "info": "Red Bottom", "start_x": 5800, "start_y": 4100, "width": 1600, "height": 100, "timestamp": "2023-07-19T17:19:11.533Z", "updated": "2023-07-19T17:19:11.537Z"}}, {"model": "main.parametersetwall", "pk": 173, "fields": {"parameter_set": 4, "info": "Blue Top", "start_x": 100, "start_y": 5800, "width": 1600, "height": 100, "timestamp": "2023-07-19T17:19:11.542Z", "updated": "2023-07-19T17:19:11.546Z"}}, {"model": "main.parametersetwall", "pk": 174, "fields": {"parameter_set": 4, "info": "Blue Right", "start_x": 4100, "start_y": 5800, "width": 100, "height": 1600, "timestamp": "2023-07-19T17:19:11.551Z", "updated": "2023-07-19T17:19:11.555Z"}}, {"model": "main.parametersetwall", "pk": 175, "fields": {"parameter_set": 4, "info": "Blue Left", "start_x": 100, "start_y": 5800, "width": 100, "height": 4000, "timestamp": "2023-07-19T17:19:11.560Z", "updated": "2023-07-19T17:19:11.564Z"}}, {"model": "main.parametersetwall", "pk": 176, "fields": {"parameter_set": 4, "info": "Blue Bottom", "start_x": 100, "start_y": 9800, "width": 4100, "height": 100, "timestamp": "2023-07-19T17:19:11.568Z", "updated": "2023-07-19T17:19:11.573Z"}}, {"model": "main.parametersetwall", "pk": 177, "fields": {"parameter_set": 4, "info": "Yellow Top", "start_x": 5800, "start_y": 5800, "width": 1600, "height": 100, "timestamp": "2023-07-19T17:19:11.577Z", "updated": "2023-07-19T17:19:11.581Z"}}, {"model": "main.parametersetwall", "pk": 178, "fields": {"parameter_set": 4, "info": "Yellow Right", "start_x": 9800, "start_y": 5800, "width": 100, "height": 4000, "timestamp": "2023-07-19T17:19:11.586Z", "updated": "2023-07-19T17:19:11.591Z"}}, {"model": "main.parametersetwall", "pk": 179, "fields": {"parameter_set": 4, "info": "Yellow Left", "start_x": 5800, "start_y": 5800, "width": 100, "height": 1600, "timestamp": "2023-07-19T17:19:11.597Z", "updated": "2023-07-19T17:19:11.604Z"}}, {"model": "main.parametersetwall", "pk": 180, "fields": {"parameter_set": 4, "info": "Yellow Bottom", "start_x": 5800, "start_y": 9800, "width": 4100, "height": 100, "timestamp": "2023-07-19T17:19:11.609Z", "updated": "2023-07-19T17:19:11.613Z"}}, {"model": "main.parametersetwall", "pk": 181, "fields": {"parameter_set": 4, "info": "Bridge North", "start_x": 4100, "start_y": 1600, "width": 1800, "height": 100, "timestamp": "2023-07-19T17:19:11.617Z", "updated": "2023-07-19T17:19:11.621Z"}}, {"model": "main.parametersetwall", "pk": 182, "fields": {"parameter_set": 4, "info": "Bridge North", "start_x": 4100, "start_y": 2600, "width": 1800, "height": 100, "timestamp": "2023-07-19T17:19:11.626Z", "updated": "2023-07-19T17:19:11.631Z"}}, {"model": "main.parametersetwall", "pk": 183, "fields": {"parameter_set": 4, "info": "Green Right", "start_x": 4100, "start_y": 2600, "width": 100, "height": 1600, "timestamp": "2023-07-19T17:19:11.636Z", "updated": "2023-07-19T17:19:11.640Z"}}, {"model": "main.parametersetwall", "pk": 184, "fields": {"parameter_set": 4, "info": "Bridge East", "start_x": 7300, "start_y": 4200, "width": 100, "height": 1700, "timestamp": "2023-07-19T17:19:11.645Z", "updated": "2023-07-19T17:19:11.649Z"}}, {"model": "main.parametersetwall", "pk": 185, "fields": {"parameter_set": 4, "info": "Bridge East", "start_x": 8300, "start_y": 4200, "width": 100, "height": 1700, "timestamp": "2023-07-19T17:19:11.653Z", "updated": "2023-07-19T17:19:11.657Z"}}, {"model": "main.parametersetwall", "pk": 186, "fields": {"parameter_set": 4, "info": "Red Left", "start_x": 5800, "start_y": 2600, "width": 100, "height": 1600, "timestamp": "2023-07-19T17:19:11.662Z", "updated": "2023-07-19T17:19:11.667Z"}}, {"model": "main.parametersetwall", "pk": 187, "fields": {"parameter_set": 4, "info": "Red Bottom", "start_x": 8300, "start_y": 4100, "width": 1600, "height": 100, "timestamp": "2023-07-19T17:19:11.672Z", "updated": "2023-07-19T17:19:11.678Z"}}, {"model": "main.parametersetwall", "pk": 188, "fields": {"parameter_set": 4, "info": "Yellow Top", "start_x": 8300, "start_y": 5800, "width": 1600, "height": 100, "timestamp": "2023-07-19T17:19:11.683Z", "updated": "2023-07-19T17:19:11.687Z"}}, {"model": "main.parametersetwall", "pk": 189, "fields": {"parameter_set": 4, "info": "Bridge South", "start_x": 4100, "start_y": 7300, "width": 1800, "height": 100, "timestamp": "2023-07-19T17:19:11.692Z", "updated": "2023-07-19T17:19:11.696Z"}}, {"model": "main.parametersetwall", "pk": 190, "fields": {"parameter_set": 4, "info": "Bridge South", "start_x": 4100, "start_y": 8300, "width": 1800, "height": 100, "timestamp": "2023-07-19T17:19:11.701Z", "updated": "2023-07-19T17:19:11.707Z"}}, {"model": "main.parametersetwall", "pk": 191, "fields": {"parameter_set": 4, "info": "Yellow Left", "start_x": 5800, "start_y": 8300, "width": 100, "height": 1600, "timestamp": "2023-07-19T17:19:11.712Z", "updated": "2023-07-19T17:19:11.717Z"}}, {"model": "main.parametersetwall", "pk": 192, "fields": {"parameter_set": 4, "info": "Blue Left", "start_x": 4100, "start_y": 8300, "width": 100, "height": 1600, "timestamp": "2023-07-19T17:19:11.722Z", "updated": "2023-07-19T17:19:11.726Z"}}, {"model": "main.parametersetwall", "pk": 193, "fields": {"parameter_set": 4, "info": "Bridge West", "start_x": 1600, "start_y": 4200, "width": 100, "height": 1700, "timestamp": "2023-07-19T17:19:11.731Z", "updated": "2023-07-19T17:19:11.735Z"}}, {"model": "main.parametersetwall", "pk": 194, "fields": {"parameter_set": 4, "info": "Bridge West", "start_x": 2600, "start_y": 4200, "width": 100, "height": 1700, "timestamp": "2023-07-19T17:19:11.740Z", "updated": "2023-07-19T17:19:11.745Z"}}, {"model": "main.parametersetwall", "pk": 195, "fields": {"parameter_set": 4, "info": "Green Bottom", "start_x": 2600, "start_y": 4100, "width": 1600, "height": 100, "timestamp": "2023-07-19T17:19:11.750Z", "updated": "2023-07-19T17:19:11.754Z"}}, {"model": "main.parametersetwall", "pk": 196, "fields": {"parameter_set": 4, "info": "Blue Top", "start_x": 2600, "start_y": 5800, "width": 1600, "height": 100, "timestamp": "2023-07-19T17:19:11.759Z", "updated": "2023-07-19T17:19:11.763Z"}}, {"model": "main.parametersetwall", "pk": 837, "fields": {"parameter_set": 20, "info": "Green Top", "start_x": 100, "start_y": 100, "width": 4000, "height": 100, "timestamp": "2023-07-28T00:33:49.174Z", "updated": "2023-07-28T00:33:49.180Z"}}, {"model": "main.parametersetwall", "pk": 838, "fields": {"parameter_set": 20, "info": "Green Right", "start_x": 4100, "start_y": 100, "width": 100, "height": 1600, "timestamp": "2023-07-28T00:33:49.186Z", "updated": "2023-07-28T00:33:49.192Z"}}, {"model": "main.parametersetwall", "pk": 839, "fields": {"parameter_set": 20, "info": "Green Left", "start_x": 100, "start_y": 100, "width": 100, "height": 4000, "timestamp": "2023-07-28T00:33:49.200Z", "updated": "2023-07-28T00:33:49.207Z"}}, {"model": "main.parametersetwall", "pk": 840, "fields": {"parameter_set": 20, "info": "Green Bottom", "start_x": 100, "start_y": 4100, "width": 1600, "height": 100, "timestamp": "2023-07-28T00:33:49.213Z", "updated": "2023-07-28T00:33:49.218Z"}}, {"model": "main.parametersetwall", "pk": 841, "fields": {"parameter_set": 20, "info": "Red Top", "start_x": 5800, "start_y": 100, "width": 4000, "height": 100, "timestamp": "2023-07-28T00:33:49.225Z", "updated": "2023-07-28T00:33:49.230Z"}}, {"model": "main.parametersetwall", "pk": 842, "fields": {"parameter_set": 20, "info": "Red Right", "start_x": 9800, "start_y": 100, "width": 100, "height": 4000, "timestamp": "2023-07-28T00:33:49.237Z", "updated": "2023-07-28T00:33:49.242Z"}}, {"model": "main.parametersetwall", "pk": 843, "fields": {"parameter_set": 20, "info": "Red Left", "start_x": 5800, "start_y": 100, "width": 100, "height": 1500, "timestamp": "2023-07-28T00:33:49.249Z", "updated": "2023-07-28T00:33:49.254Z"}}, {"model": "main.parametersetwall", "pk": 844, "fields": {"parameter_set": 20, "info": "Red Bottom", "start_x": 5800, "start_y": 4100, "width": 1600, "height": 100, "timestamp": "2023-07-28T00:33:49.261Z", "updated": "2023-07-28T00:33:49.266Z"}}, {"model": "main.parametersetwall", "pk": 845, "fields": {"parameter_set": 20, "info": "Blue Top", "start_x": 100, "start_y": 5800, "width": 1600, "height": 100, "timestamp": "2023-07-28T00:33:49.273Z", "updated": "2023-07-28T00:33:49.278Z"}}, {"model": "main.parametersetwall", "pk": 846, "fields": {"parameter_set": 20, "info": "Blue Right", "start_x": 4100, "start_y": 5800, "width": 100, "height": 1600, "timestamp": "2023-07-28T00:33:49.286Z", "updated": "2023-07-28T00:33:49.292Z"}}, {"model": "main.parametersetwall", "pk": 847, "fields": {"parameter_set": 20, "info": "Blue Left", "start_x": 100, "start_y": 5800, "width": 100, "height": 4000, "timestamp": "2023-07-28T00:33:49.298Z", "updated": "2023-07-28T00:33:49.303Z"}}, {"model": "main.parametersetwall", "pk": 848, "fields": {"parameter_set": 20, "info": "Blue Bottom", "start_x": 100, "start_y": 9800, "width": 4100, "height": 100, "timestamp": "2023-07-28T00:33:49.310Z", "updated": "2023-07-28T00:33:49.315Z"}}, {"model": "main.parametersetwall", "pk": 849, "fields": {"parameter_set": 20, "info": "Yellow Top", "start_x": 5800, "start_y": 5800, "width": 1600, "height": 100, "timestamp": "2023-07-28T00:33:49.321Z", "updated": "2023-07-28T00:33:49.326Z"}}, {"model": "main.parametersetwall", "pk": 850, "fields": {"parameter_set": 20, "info": "Yellow Right", "start_x": 9800, "start_y": 5800, "width": 100, "height": 4000, "timestamp": "2023-07-28T00:33:49.333Z", "updated": "2023-07-28T00:33:49.338Z"}}, {"model": "main.parametersetwall", "pk": 851, "fields": {"parameter_set": 20, "info": "Yellow Left", "start_x": 5800, "start_y": 5800, "width": 100, "height": 1600, "timestamp": "2023-07-28T00:33:49.344Z", "updated": "2023-07-28T00:33:49.349Z"}}, {"model": "main.parametersetwall", "pk": 852, "fields": {"parameter_set": 20, "info": "Yellow Bottom", "start_x": 5800, "start_y": 9800, "width": 4100, "height": 100, "timestamp": "2023-07-28T00:33:49.360Z", "updated": "2023-07-28T00:33:49.468Z"}}, {"model": "main.parametersetwall", "pk": 853, "fields": {"parameter_set": 20, "info": "Bridge North", "start_x": 4100, "start_y": 1600, "width": 1800, "height": 100, "timestamp": "2023-07-28T00:33:49.726Z", "updated": "2023-07-28T00:33:49.976Z"}}, {"model": "main.parametersetwall", "pk": 854, "fields": {"parameter_set": 20, "info": "Bridge North", "start_x": 4100, "start_y": 2600, "width": 1800, "height": 100, "timestamp": "2023-07-28T00:33:50.172Z", "updated": "2023-07-28T00:33:50.243Z"}}, {"model": "main.parametersetwall", "pk": 855, "fields": {"parameter_set": 20, "info": "Green Right", "start_x": 4100, "start_y": 2600, "width": 100, "height": 1600, "timestamp": "2023-07-28T00:33:50.317Z", "updated": "2023-07-28T00:33:50.474Z"}}, {"model": "main.parametersetwall", "pk": 856, "fields": {"parameter_set": 20, "info": "Bridge East", "start_x": 7300, "start_y": 4200, "width": 100, "height": 1700, "timestamp": "2023-07-28T00:33:50.482Z", "updated": "2023-07-28T00:33:50.488Z"}}, {"model": "main.parametersetwall", "pk": 857, "fields": {"parameter_set": 20, "info": "Bridge East", "start_x": 8300, "start_y": 4200, "width": 100, "height": 1700, "timestamp": "2023-07-28T00:33:50.494Z", "updated": "2023-07-28T00:33:50.500Z"}}, {"model": "main.parametersetwall", "pk": 858, "fields": {"parameter_set": 20, "info": "Red Left", "start_x": 5800, "start_y": 2600, "width": 100, "height": 1600, "timestamp": "2023-07-28T00:33:50.507Z", "updated": "2023-07-28T00:33:50.513Z"}}, {"model": "main.parametersetwall", "pk": 859, "fields": {"parameter_set": 20, "info": "Red Bottom", "start_x": 8300, "start_y": 4100, "width": 1600, "height": 100, "timestamp": "2023-07-28T00:33:50.520Z", "updated": "2023-07-28T00:33:50.526Z"}}, {"model": "main.parametersetwall", "pk": 860, "fields": {"parameter_set": 20, "info": "Yellow Top", "start_x": 8300, "start_y": 5800, "width": 1600, "height": 100, "timestamp": "2023-07-28T00:33:50.533Z", "updated": "2023-07-28T00:33:50.539Z"}}, {"model": "main.parametersetwall", "pk": 861, "fields": {"parameter_set": 20, "info": "Bridge South", "start_x": 4100, "start_y": 7300, "width": 1800, "height": 100, "timestamp": "2023-07-28T00:33:50.547Z", "updated": "2023-07-28T00:33:50.553Z"}}, {"model": "main.parametersetwall", "pk": 862, "fields": {"parameter_set": 20, "info": "Bridge South", "start_x": 4100, "start_y": 8300, "width": 1800, "height": 100, "timestamp": "2023-07-28T00:33:50.559Z", "updated": "2023-07-28T00:33:50.565Z"}}, {"model": "main.parametersetwall", "pk": 863, "fields": {"parameter_set": 20, "info": "Yellow Left", "start_x": 5800, "start_y": 8300, "width": 100, "height": 1600, "timestamp": "2023-07-28T00:33:50.572Z", "updated": "2023-07-28T00:33:50.577Z"}}, {"model": "main.parametersetwall", "pk": 864, "fields": {"parameter_set": 20, "info": "Blue Left", "start_x": 4100, "start_y": 8300, "width": 100, "height": 1600, "timestamp": "2023-07-28T00:33:50.583Z", "updated": "2023-07-28T00:33:50.588Z"}}, {"model": "main.parametersetwall", "pk": 865, "fields": {"parameter_set": 20, "info": "Bridge West", "start_x": 1600, "start_y": 4200, "width": 100, "height": 1700, "timestamp": "2023-07-28T00:33:50.594Z", "updated": "2023-07-28T00:33:50.600Z"}}, {"model": "main.parametersetwall", "pk": 866, "fields": {"parameter_set": 20, "info": "Bridge West", "start_x": 2600, "start_y": 4200, "width": 100, "height": 1700, "timestamp": "2023-07-28T00:33:50.606Z", "updated": "2023-07-28T00:33:50.612Z"}}, {"model": "main.parametersetwall", "pk": 867, "fields": {"parameter_set": 20, "info": "Green Bottom", "start_x": 2600, "start_y": 4100, "width": 1600, "height": 100, "timestamp": "2023-07-28T00:33:50.618Z", "updated": "2023-07-28T00:33:50.623Z"}}, {"model": "main.parametersetwall", "pk": 868, "fields": {"parameter_set": 20, "info": "Blue Top", "start_x": 2600, "start_y": 5800, "width": 1600, "height": 100, "timestamp": "2023-07-28T00:33:50.629Z", "updated": "2023-07-28T00:33:50.635Z"}}, {"model": "main.parametersetground", "pk": 1, "fields": {"parameter_set": 2, "info": "Green Zone", "x": 200, "y": 200, "width": 3900, "height": 3900, "tint": "0x90EE90", "texture": "grass_tex", "rotation": "0.00", "scale": "1.00", "timestamp": "2023-07-18T19:40:16.913Z", "updated": "2023-07-18T21:33:43.576Z"}}, {"model": "main.parametersetground", "pk": 5, "fields": {"parameter_set": 2, "info": "Red Zone", "x": 5900, "y": 200, "width": 3900, "height": 3900, "tint": "0xFFB6C1", "texture": "grass_tex", "rotation": "0.00", "scale": "1.00", "timestamp": "2023-07-18T20:58:54.838Z", "updated": "2023-07-18T21:34:22.673Z"}}, {"model": "main.parametersetground", "pk": 6, "fields": {"parameter_set": 2, "info": "Blue Zone", "x": 200, "y": 5900, "width": 3900, "height": 3900, "tint": "0x87CEFA", "texture": "grass_tex", "rotation": "0.00", "scale": "1.00", "timestamp": "2023-07-18T21:35:04.488Z", "updated": "2023-07-18T21:36:04.693Z"}}, {"model": "main.parametersetground", "pk": 7, "fields": {"parameter_set": 2, "info": "Yellow", "x": 5900, "y": 5900, "width": 3900, "height": 3900, "tint": "0xF0E68C", "texture": "grass_tex", "rotation": "0.00", "scale": "1.00", "timestamp": "2023-07-18T21:37:06.895Z", "updated": "2023-07-18T21:40:36.154Z"}}, {"model": "main.parametersetground", "pk": 8, "fields": {"parameter_set": 2, "info": "Bridge North", "x": 4100, "y": 1700, "width": 1800, "height": 1000, "tint": "0xFFFFFF", "texture": "bridge_tex", "rotation": "0.00", "scale": "1.00", "timestamp": "2023-07-18T22:21:51.481Z", "updated": "2023-07-18T22:23:31.903Z"}}, {"model": "main.parametersetground", "pk": 9, "fields": {"parameter_set": 2, "info": "Bridge East", "x": 7400, "y": 4100, "width": 1000, "height": 1800, "tint": "0xFFFFFF", "texture": "bridge_tex", "rotation": "1.57", "scale": "1.00", "timestamp": "2023-07-18T22:30:05.642Z", "updated": "2023-07-18T22:36:40.705Z"}}, {"model": "main.parametersetground", "pk": 10, "fields": {"parameter_set": 2, "info": "Bridge South", "x": 4100, "y": 7300, "width": 1800, "height": 1000, "tint": "0xFFFFFF", "texture": "bridge_tex", "rotation": "0.00", "scale": "1.00", "timestamp": "2023-07-18T22:45:12.568Z", "updated": "2023-07-18T22:46:19.640Z"}}, {"model": "main.parametersetground", "pk": 11, "fields": {"parameter_set": 2, "info": "Bridge West", "x": 1600, "y": 4100, "width": 1000, "height": 1800, "tint": "0xFFFFFF", "texture": "bridge_tex", "rotation": "1.57", "scale": "1.00", "timestamp": "2023-07-18T22:47:54.750Z", "updated": "2023-07-18T22:49:25.487Z"}}, {"model": "main.parametersetground", "pk": 28, "fields": {"parameter_set": 4, "info": "Green Zone", "x": 200, "y": 200, "width": 3900, "height": 3900, "tint": "0x90EE90", "texture": "grass_tex", "rotation": "0.00", "scale": "1.00", "timestamp": "2023-07-19T17:19:11.770Z", "updated": "2023-07-19T17:19:11.774Z"}}, {"model": "main.parametersetground", "pk": 29, "fields": {"parameter_set": 4, "info": "Red Zone", "x": 5900, "y": 200, "width": 3900, "height": 3900, "tint": "0xFFB6C1", "texture": "grass_tex", "rotation": "0.00", "scale": "1.00", "timestamp": "2023-07-19T17:19:11.780Z", "updated": "2023-07-19T17:19:11.785Z"}}, {"model": "main.parametersetground", "pk": 30, "fields": {"parameter_set": 4, "info": "Blue Zone", "x": 200, "y": 5900, "width": 3900, "height": 3900, "tint": "0x87CEFA", "texture": "grass_tex", "rotation": "0.00", "scale": "1.00", "timestamp": "2023-07-19T17:19:11.790Z", "updated": "2023-07-19T17:19:11.795Z"}}, {"model": "main.parametersetground", "pk": 31, "fields": {"parameter_set": 4, "info": "Yellow", "x": 5900, "y": 5900, "width": 3900, "height": 3900, "tint": "0xF0E68C", "texture": "grass_tex", "rotation": "0.00", "scale": "1.00", "timestamp": "2023-07-19T17:19:11.800Z", "updated": "2023-07-19T17:19:11.804Z"}}, {"model": "main.parametersetground", "pk": 32, "fields": {"parameter_set": 4, "info": "Bridge North", "x": 4100, "y": 1700, "width": 1800, "height": 1000, "tint": "0xFFFFFF", "texture": "bridge_tex", "rotation": "0.00", "scale": "1.00", "timestamp": "2023-07-19T17:19:11.809Z", "updated": "2023-07-19T17:19:11.814Z"}}, {"model": "main.parametersetground", "pk": 33, "fields": {"parameter_set": 4, "info": "Bridge East", "x": 7400, "y": 4100, "width": 1000, "height": 1800, "tint": "0xFFFFFF", "texture": "bridge_tex", "rotation": "1.57", "scale": "1.00", "timestamp": "2023-07-19T17:19:11.819Z", "updated": "2023-07-19T17:19:11.824Z"}}, {"model": "main.parametersetground", "pk": 34, "fields": {"parameter_set": 4, "info": "Bridge South", "x": 4100, "y": 7300, "width": 1800, "height": 1000, "tint": "0xFFFFFF", "texture": "bridge_tex", "rotation": "0.00", "scale": "1.00", "timestamp": "2023-07-19T17:19:11.830Z", "updated": "2023-07-19T17:19:11.834Z"}}, {"model": "main.parametersetground", "pk": 35, "fields": {"parameter_set": 4, "info": "Bridge West", "x": 1600, "y": 4100, "width": 1000, "height": 1800, "tint": "0xFFFFFF", "texture": "bridge_tex", "rotation": "1.57", "scale": "1.00", "timestamp": "2023-07-19T17:19:11.839Z", "updated": "2023-07-19T17:19:11.844Z"}}, {"model": "main.parametersetground", "pk": 196, "fields": {"parameter_set": 20, "info": "Green Zone", "x": 200, "y": 200, "width": 3900, "height": 3900, "tint": "0x90EE90", "texture": "grass_tex", "rotation": "0.00", "scale": "1.00", "timestamp": "2023-07-28T00:33:50.644Z", "updated": "2023-07-28T00:33:50.650Z"}}, {"model": "main.parametersetground", "pk": 197, "fields": {"parameter_set": 20, "info": "Red Zone", "x": 5900, "y": 200, "width": 3900, "height": 3900, "tint": "0xFFB6C1", "texture": "grass_tex", "rotation": "0.00", "scale": "1.00", "timestamp": "2023-07-28T00:33:50.657Z", "updated": "2023-07-28T00:33:50.663Z"}}, {"model": "main.parametersetground", "pk": 198, "fields": {"parameter_set": 20, "info": "Blue Zone", "x": 200, "y": 5900, "width": 3900, "height": 3900, "tint": "0x87CEFA", "texture": "grass_tex", "rotation": "0.00", "scale": "1.00", "timestamp": "2023-07-28T00:33:50.669Z", "updated": "2023-07-28T00:33:50.675Z"}}, {"model": "main.parametersetground", "pk": 199, "fields": {"parameter_set": 20, "info": "Yellow", "x": 5900, "y": 5900, "width": 3900, "height": 3900, "tint": "0xF0E68C", "texture": "grass_tex", "rotation": "0.00", "scale": "1.00", "timestamp": "2023-07-28T00:33:50.682Z", "updated": "2023-07-28T00:33:50.689Z"}}, {"model": "main.parametersetground", "pk": 200, "fields": {"parameter_set": 20, "info": "Bridge North", "x": 4100, "y": 1700, "width": 1800, "height": 1000, "tint": "0xFFFFFF", "texture": "bridge_tex", "rotation": "0.00", "scale": "1.00", "timestamp": "2023-07-28T00:33:50.697Z", "updated": "2023-07-28T00:33:50.704Z"}}, {"model": "main.parametersetground", "pk": 201, "fields": {"parameter_set": 20, "info": "Bridge East", "x": 7400, "y": 4100, "width": 1000, "height": 1800, "tint": "0xFFFFFF", "texture": "bridge_tex", "rotation": "1.57", "scale": "1.00", "timestamp": "2023-07-28T00:33:50.712Z", "updated": "2023-07-28T00:33:50.719Z"}}, {"model": "main.parametersetground", "pk": 202, "fields": {"parameter_set": 20, "info": "Bridge South", "x": 4100, "y": 7300, "width": 1800, "height": 1000, "tint": "0xFFFFFF", "texture": "bridge_tex", "rotation": "0.00", "scale": "1.00", "timestamp": "2023-07-28T00:33:50.726Z", "updated": "2023-07-28T00:33:50.734Z"}}, {"model": "main.parametersetground", "pk": 203, "fields": {"parameter_set": 20, "info": "Bridge West", "x": 1600, "y": 4100, "width": 1000, "height": 1800, "tint": "0xFFFFFF", "texture": "bridge_tex", "rotation": "1.57", "scale": "1.00", "timestamp": "2023-07-28T00:33:50.741Z", "updated": "2023-07-28T00:33:50.747Z"}}, {"model": "main.parametersetfieldtype", "pk": 1, "fields": {"parameter_set": 4, "info": "Green Odd", "display_text": "ODD", "good_one": "Cherry", "good_two": "Blueberry", "start_on_period": 1, "reset_every_n_periods": 2, "good_one_alpha": "1.00000", "good_one_omega": "1.00000", "good_one_rho": "1.00000", "good_two_alpha": "1.00000", "good_two_omega": "1.00000", "good_two_rho": "1.00000", "timestamp": "2023-07-19T23:55:53.009Z", "updated": "2023-07-20T18:10:37.956Z"}}, {"model": "main.parametersetfieldtype", "pk": 2, "fields": {"parameter_set": 4, "info": "Green Even", "display_text": "EVEN", "good_one": "Cherry", "good_two": "Blueberry", "start_on_period": 2, "reset_every_n_periods": 2, "good_one_alpha": "1.00000", "good_one_omega": "1.00000", "good_one_rho": "1.00000", "good_two_alpha": "1.00000", "good_two_omega": "1.00000", "good_two_rho": "1.00000", "timestamp": "2023-07-20T00:05:11.264Z", "updated": "2023-07-20T23:36:48.614Z"}}, {"model": "main.parametersetfieldtype", "pk": 46, "fields": {"parameter_set": 20, "info": "Green Odd", "display_text": "ODD", "good_one": "Cherry", "good_two": "Blueberry", "start_on_period": 2, "reset_every_n_periods": 2, "good_one_alpha": "1.00000", "good_one_omega": "1.00000", "good_one_rho": "0.25000", "good_two_alpha": "1.00000", "good_two_omega": "1.00000", "good_two_rho": "0.25000", "timestamp": "2023-07-28T00:33:50.760Z", "updated": "2023-08-03T16:28:52.188Z"}}, {"model": "main.parametersetfieldtype", "pk": 47, "fields": {"parameter_set": 20, "info": "Green Even", "display_text": "EVEN", "good_one": "Cherry", "good_two": "Blueberry", "start_on_period": 1, "reset_every_n_periods": 2, "good_one_alpha": "1.00000", "good_one_omega": "1.00000", "good_one_rho": "0.25000", "good_two_alpha": "1.00000", "good_two_omega": "1.00000", "good_two_rho": "0.25000", "timestamp": "2023-07-28T00:33:50.775Z", "updated": "2023-08-03T18:08:47.331Z"}}, {"model": "main.parametersetfield", "pk": 1, "fields": {"parameter_set": 4, "parameter_set_field_type": 1, "parameter_set_player": 12, "x": 3750, "y": 1400, "timestamp": "2023-07-20T22:15:16.429Z", "updated": "2023-07-24T03:29:24.003Z"}}, {"model": "main.parametersetfield", "pk": 2, "fields": {"parameter_set": 4, "parameter_set_field_type": 2, "parameter_set_player": 13, "x": 3250, "y": 1400, "timestamp": "2023-07-20T22:15:35.590Z", "updated": "2023-07-24T03:29:32.394Z"}}, {"model": "main.parametersetfield", "pk": 15, "fields": {"parameter_set": 4, "parameter_set_field_type": 2, "parameter_set_player": 33, "x": 3250, "y": 2900, "timestamp": "2023-07-24T02:10:21.905Z", "updated": "2023-07-24T03:30:25.215Z"}}, {"model": "main.parametersetfield", "pk": 16, "fields": {"parameter_set": 4, "parameter_set_field_type": 1, "parameter_set_player": 34, "x": 3750, "y": 2900, "timestamp": "2023-07-24T02:10:39.544Z", "updated": "2023-07-24T03:30:31.314Z"}}, {"model": "main.parametersetfield", "pk": 17, "fields": {"parameter_set": 4, "parameter_set_field_type": 2, "parameter_set_player": 12, "x": 2850, "y": 3100, "timestamp": "2023-07-24T03:17:14.171Z", "updated": "2023-07-24T04:23:34.326Z"}}, {"model": "main.parametersetfield", "pk": 18, "fields": {"parameter_set": 4, "parameter_set_field_type": 1, "parameter_set_player": 13, "x": 2850, "y": 3700, "timestamp": "2023-07-24T03:18:10.603Z", "updated": "2023-07-24T03:31:20.834Z"}}, {"model": "main.parametersetfield", "pk": 19, "fields": {"parameter_set": 4, "parameter_set_field_type": 1, "parameter_set_player": 33, "x": 1500, "y": 3100, "timestamp": "2023-07-24T04:13:03.446Z", "updated": "2023-07-24T04:23:49.560Z"}}, {"model": "main.parametersetfield", "pk": 20, "fields": {"parameter_set": 4, "parameter_set_field_type": 2, "parameter_set_player": 34, "x": 1500, "y": 3700, "timestamp": "2023-07-24T04:13:05.301Z", "updated": "2023-07-24T04:15:40.552Z"}}, {"model": "main.parametersetfield", "pk": 117, "fields": {"parameter_set": 20, "parameter_set_field_type": 46, "parameter_set_player": 83, "x": 3750, "y": 1400, "timestamp": "2023-07-28T00:33:50.811Z", "updated": "2023-07-28T00:33:50.841Z"}}, {"model": "main.parametersetfield", "pk": 118, "fields": {"parameter_set": 20, "parameter_set_field_type": 47, "parameter_set_player": 84, "x": 3250, "y": 1400, "timestamp": "2023-07-28T00:33:50.854Z", "updated": "2023-07-28T00:33:50.897Z"}}, {"model": "main.parametersetfield", "pk": 119, "fields": {"parameter_set": 20, "parameter_set_field_type": 47, "parameter_set_player": 85, "x": 3250, "y": 2900, "timestamp": "2023-07-28T00:33:50.921Z", "updated": "2023-07-28T00:33:50.958Z"}}, {"model": "main.parametersetfield", "pk": 120, "fields": {"parameter_set": 20, "parameter_set_field_type": 46, "parameter_set_player": 86, "x": 3750, "y": 2900, "timestamp": "2023-07-28T00:33:50.981Z", "updated": "2023-07-28T00:33:51.022Z"}}, {"model": "main.parametersetfield", "pk": 121, "fields": {"parameter_set": 20, "parameter_set_field_type": 47, "parameter_set_player": 83, "x": 2850, "y": 3100, "timestamp": "2023-07-28T00:33:51.058Z", "updated": "2023-07-28T00:33:51.091Z"}}, {"model": "main.parametersetfield", "pk": 122, "fields": {"parameter_set": 20, "parameter_set_field_type": 46, "parameter_set_player": 84, "x": 2850, "y": 3700, "timestamp": "2023-07-28T00:33:51.099Z", "updated": "2023-07-28T00:33:51.112Z"}}, {"model": "main.parametersetfield", "pk": 123, "fields": {"parameter_set": 20, "parameter_set_field_type": 46, "parameter_set_player": 85, "x": 1500, "y": 3100, "timestamp": "2023-07-28T00:33:51.120Z", "updated": "2023-07-28T00:33:51.135Z"}}, {"model": "main.parametersetfield", "pk": 124, "fields": {"parameter_set": 20, "parameter_set_field_type": 47, "parameter_set_player": 86, "x": 1500, "y": 3700, "timestamp": "2023-07-28T00:33:51.143Z", "updated": "2023-07-28T00:33:51.160Z"}}, {"model": "main.session", "pk": 1, "fields": {"parameter_set": 2, "creator": 1, "title": "test", "start_date": "2023-07-18", "channel_key": "54872a39-f3da-439f-9323-87682e062567", "session_key": "f1b38762-09cc-43ef-8c72-0b2f3118964f", "controlling_channel": "specific.ba8ca3d848e0458899e911ae52c152a9!47ba43078324422ca0b1217d803d7803", "started": true, "shared": false, "locked": false, "invitation_text": "", "invitation_subject": "", "world_state": {"tokens": {"401": {"0": {"status": "available", "current_location": {"x": 5921, "y": 9159}}}, "402": {"0": {"status": "available", "current_location": {"x": 4277, "y": 1126}}}, "403": {"0": {"status": "available", "current_location": {"x": 1891, "y": 2824}}}, "404": {"0": {"status": "available", "current_location": {"x": 3631, "y": 9724}}}, "405": {"0": {"status": "available", "current_location": {"x": 9219, "y": 2331}}}, "406": {"0": {"status": "available", "current_location": {"x": 2682, "y": 8787}}}, "407": {"0": {"status": "available", "current_location": {"x": 5885, "y": 6013}}}, "408": {"0": {"status": "available", "current_location": {"x": 1691, "y": 8780}}}, "409": {"0": {"status": "available", "current_location": {"x": 9119, "y": 2508}}}, "410": {"0": {"status": "available", "current_location": {"x": 4898, "y": 8949}}}, "411": {"0": {"status": "available", "current_location": {"x": 4964, "y": 274}}}, "412": {"0": {"status": "available", "current_location": {"x": 6958, "y": 6132}}}, "413": {"0": {"status": "available", "current_location": {"x": 7828, "y": 3943}}}, "414": {"0": {"status": "available", "current_location": {"x": 803, "y": 5324}}}, "415": {"0": {"status": "available", "current_location": {"x": 2118, "y": 355}}}, "416": {"0": {"status": "available", "current_location": {"x": 2443, "y": 4680}}}, "417": {"0": {"status": "available", "current_location": {"x": 805, "y": 1284}}}, "418": {"0": {"status": "available", "current_location": {"x": 4350, "y": 8031}}}, "419": {"0": {"status": "available", "current_location": {"x": 2857, "y": 9396}}}, "420": {"0": {"status": "available", "current_location": {"x": 4680, "y": 2280}}}}, "started": true, "finished": false, "last_update": "2023-07-18 22:37:45.151501", "timer_history": [{"time": "2023-07-18T22:23:37.909006", "count": 0}, {"time": "2023-07-18T22:28:37.711842", "count": 0}, {"time": "2023-07-18T22:32:21.513537", "count": 0}, {"time": "2023-07-18T22:32:47.500508", "count": 0}, {"time": "2023-07-18T22:34:02.804814", "count": 0}, {"time": "2023-07-18T22:35:16.031006", "count": 0}, {"time": "2023-07-18T22:35:52.448639", "count": 0}, {"time": "2023-07-18T22:36:47.273482", "count": 0}, {"time": "2023-07-18T22:46:04.075302", "count": 0}, {"time": "2023-07-18T22:46:28.207921", "count": 0}, {"time": "2023-07-18T22:49:15.845166", "count": 0}, {"time": "2023-07-18T22:49:28.617285", "count": 0}, {"time": "2023-07-18T22:54:01.351391", "count": 0}, {"time": "2023-07-18T23:27:51.627947", "count": 0}, {"time": "2023-07-18T23:34:58.402234", "count": 0}, {"time": "2023-07-21T05:02:32.718887", "count": 0}], "timer_running": false, "current_period": 1, "time_remaining": 60, "session_periods": {"401": {"id": 401, "period_number": 1}, "402": {"id": 402, "period_number": 2}, "403": {"id": 403, "period_number": 3}, "404": {"id": 404, "period_number": 4}, "405": {"id": 405, "period_number": 5}, "406": {"id": 406, "period_number": 6}, "407": {"id": 407, "period_number": 7}, "408": {"id": 408, "period_number": 8}, "409": {"id": 409, "period_number": 9}, "410": {"id": 410, "period_number": 10}, "411": {"id": 411, "period_number": 11}, "412": {"id": 412, "period_number": 12}, "413": {"id": 413, "period_number": 13}, "414": {"id": 414, "period_number": 14}, "415": {"id": 415, "period_number": 15}, "416": {"id": 416, "period_number": 16}, "417": {"id": 417, "period_number": 17}, "418": {"id": 418, "period_number": 18}, "419": {"id": 419, "period_number": 19}, "420": {"id": 420, "period_number": 20}}, "session_players": {"7": {"frozen": false, "earnings": 0, "cool_down": 0, "inventory": {"401": 0, "402": 0, "403": 0, "404": 0, "405": 0, "406": 0, "407": 0, "408": 0, "409": 0, "410": 0, "411": 0, "412": 0, "413": 0, "414": 0, "415": 0, "416": 0, "417": 0, "418": 0, "419": 0, "420": 0}, "interaction": 0, "target_location": {"x": 4118.191648164195, "y": 2262.6187147079663}, "current_location": {"x": 4641.124168489398, "y": 2266.608714707966}, "tractor_beam_target": null}, "8": {"frozen": false, "earnings": 0, "cool_down": 0, "inventory": {"401": 0, "402": 0, "403": 0, "404": 0, "405": 0, "406": 0, "407": 0, "408": 0, "409": 0, "410": 0, "411": 0, "412": 0, "413": 0, "414": 0, "415": 0, "416": 0, "417": 0, "418": 0, "419": 0, "420": 0}, "interaction": 0, "target_location": {"x": 500, "y": 700}, "current_location": {"x": 500, "y": 700}, "tractor_beam_target": null}}, "session_periods_order": [401, 402, 403, 404, 405, 406, 407, 408, 409, 410, 411, 412, 413, 414, 415, 416, 417, 418, 419, 420], "current_experiment_phase": "Run"}, "world_state_avatars": null, "soft_delete": false, "timestamp": "2023-07-14T15:52:12.850Z", "updated": "2023-07-18T22:54:10.466Z", "collaborators": []}}, {"model": "main.session", "pk": 3, "fields": {"parameter_set": 4, "creator": 1, "title": "test 2", "start_date": "2023-07-27", "channel_key": "e07a8f50-8a0d-4f12-b408-c35e6839b310", "session_key": "40ef67fc-c29e-4377-bd46-db8f3644cd0e", "controlling_channel": "specific.5640d76f5499436baa85904534d9776c!da91017fc9bf47bdb831f1b2ff4799fe", "started": false, "shared": false, "locked": false, "invitation_text": "", "invitation_subject": "", "world_state": {}, "world_state_avatars": {"last_update": "2023-07-27 20:51:11.751824", "session_players": {"40": {"frozen": false, "cool_down": 0, "interaction": 0, "target_location": {"x": 2000, "y": 2000}, "current_location": {"x": 2000, "y": 2000}, "tractor_beam_target": null}, "41": {"frozen": false, "cool_down": 0, "interaction": 0, "target_location": {"x": 2500, "y": 2000}, "current_location": {"x": 2500, "y": 2000}, "tractor_beam_target": null}, "42": {"frozen": false, "cool_down": 0, "interaction": 0, "target_location": {"x": 2000, "y": 2500}, "current_location": {"x": 2000, "y": 2500}, "tractor_beam_target": null}, "43": {"frozen": false, "cool_down": 0, "interaction": 0, "target_location": {"x": 2500, "y": 2500}, "current_location": {"x": 2500, "y": 2500}, "tractor_beam_target": null}}}, "soft_delete": false, "timestamp": "2023-07-19T17:18:42.739Z", "updated": "2023-07-27T20:58:21.109Z", "collaborators": []}}, {"model": "main.session", "pk": 19, "fields": {"parameter_set": 20, "creator": 1, "title": "*** New Session ***", "start_date": "2023-08-03", "channel_key": "130d0157-9af6-466b-b7d8-0e1f11b639ee", "session_key": "9e371fea-f7d5-4ff4-93c1-498776964e5f", "controlling_channel": "specific.5fcfcf8a20854fdbb7e3d3b8039dd7c9!1a152ceb432048c9a5b98bd58dcf8561", "started": false, "shared": false, "locked": false, "invitation_text": "", "invitation_subject": "", "world_state": {"fields": {"117": {"x": 3750, "y": 1400, "id": 117, "Cherry": 0, "Blueberry": 0, "Pineapple": 0, "session_player": 92, "good_one_effort": 5.0, "good_two_effort": 5.0, "harvest_history": {}, "parameter_set_player": 83, "good_one_effort_in_use": 5.0, "good_two_effort_in_use": 5.0, "parameter_set_field_type": 46}, "118": {"x": 3250, "y": 1400, "id": 118, "Cherry": 0, "Blueberry": 0, "Pineapple": 0, "session_player": 93, "good_one_effort": 5.0, "good_two_effort": 5.0, "harvest_history": {}, "parameter_set_player": 84, "good_one_effort_in_use": 5.0, "good_two_effort_in_use": 5.0, "parameter_set_field_type": 47}, "119": {"x": 3250, "y": 2900, "id": 119, "Cherry": 0, "Blueberry": 0, "Pineapple": 0, "session_player": 94, "good_one_effort": 5.0, "good_two_effort": 5.0, "harvest_history": {}, "parameter_set_player": 85, "good_one_effort_in_use": 5.0, "good_two_effort_in_use": 5.0, "parameter_set_field_type": 47}, "120": {"x": 3750, "y": 2900, "id": 120, "Cherry": 0, "Blueberry": 0, "Pineapple": 0, "session_player": 95, "good_one_effort": 5.0, "good_two_effort": 5.0, "harvest_history": {}, "parameter_set_player": 86, "good_one_effort_in_use": 5.0, "good_two_effort_in_use": 5.0, "parameter_set_field_type": 46}, "121": {"x": 2850, "y": 3100, "id": 121, "Cherry": 0, "Blueberry": 0, "Pineapple": 0, "session_player": 92, "good_one_effort": 5.0, "good_two_effort": 5.0, "harvest_history": {}, "parameter_set_player": 83, "good_one_effort_in_use": 5.0, "good_two_effort_in_use": 5.0, "parameter_set_field_type": 47}, "122": {"x": 2850, "y": 3700, "id": 122, "Cherry": 0, "Blueberry": 0, "Pineapple": 0, "session_player": 93, "good_one_effort": 5.0, "good_two_effort": 5.0, "harvest_history": {}, "parameter_set_player": 84, "good_one_effort_in_use": 5.0, "good_two_effort_in_use": 5.0, "parameter_set_field_type": 46}, "123": {"x": 1500, "y": 3100, "id": 123, "Cherry": 0, "Blueberry": 0, "Pineapple": 0, "session_player": 94, "good_one_effort": 5.0, "good_two_effort": 5.0, "harvest_history": {}, "parameter_set_player": 85, "good_one_effort_in_use": 5.0, "good_two_effort_in_use": 5.0, "parameter_set_field_type": 46}, "124": {"x": 1500, "y": 3700, "id": 124, "Cherry": 0, "Blueberry": 0, "Pineapple": 0, "session_player": 95, "good_one_effort": 5.0, "good_two_effort": 5.0, "harvest_history": {}, "parameter_set_player": 86, "good_one_effort_in_use": 5.0, "good_two_effort_in_use": 5.0, "parameter_set_field_type": 47}}, "houses": {"83": {"id": 83, "Cherry": 0, "Blueberry": 0, "Pineapple": 0, "session_player": 92}, "84": {"id": 84, "Cherry": 0, "Blueberry": 0, "Pineapple": 0, "session_player": 93}, "85": {"id": 85, "Cherry": 0, "Blueberry": 0, "Pineapple": 0, "session_player": 94}, "86": {"id": 86, "Cherry": 0, "Blueberry": 0, "Pineapple": 0, "session_player": 95}}, "avatars": {"92": {"Cherry": 0, "earnings": 0, "Blueberry": 0, "Pineapple": 0, "parameter_set_player_id": 83}, "93": {"Cherry": 0, "earnings": 0, "Blueberry": 0, "Pineapple": 0, "parameter_set_player_id": 84}, "94": {"Cherry": 0, "earnings": 0, "Blueberry": 0, "Pineapple": 0, "parameter_set_player_id": 85}, "95": {"Cherry": 0, "earnings": 0, "Blueberry": 0, "Pineapple": 0, "parameter_set_player_id": 86}}, "started": false, "finished": false, "timer_history": [], "timer_running": false, "current_period": 1, "time_remaining": 60, "session_periods": {}, "session_players": {}, "session_periods_order": [], "current_experiment_phase": "Run"}, "world_state_avatars": {"last_update": "2023-08-03 18:19:57.298592", "session_players": {"92": {"frozen": false, "cool_down": 0, "interaction": 0, "target_location": {"x": 3500, "y": 1400}, "current_location": {"x": 3500, "y": 1400}, "tractor_beam_target": null, "parameter_set_player_id": 83}, "93": {"frozen": false, "cool_down": 0, "interaction": 0, "target_location": {"x": 2500, "y": 2000}, "current_location": {"x": 2500, "y": 2000}, "tractor_beam_target": null, "parameter_set_player_id": 84}, "94": {"frozen": false, "cool_down": 0, "interaction": 0, "target_location": {"x": 2000, "y": 2500}, "current_location": {"x": 2000, "y": 2500}, "tractor_beam_target": null, "parameter_set_player_id": 85}, "95": {"frozen": false, "cool_down": 0, "interaction": 0, "target_location": {"x": 2500, "y": 2500}, "current_location": {"x": 2500, "y": 2500}, "tractor_beam_target": null, "parameter_set_player_id": 86}}}, "soft_delete": false, "timestamp": "2023-07-28T00:33:39.687Z", "updated": "2023-08-03T18:19:57.333Z", "collaborators": []}}, {"model": "main.sessionperiod", "pk": 401, "fields": {"session": 1, "period_number": 1, "production_completed": false, "consumption_completed": false, "timestamp": "2023-07-18T21:38:56.863Z", "updated": "2023-07-18T21:38:56.863Z"}}, {"model": "main.sessionperiod", "pk": 402, "fields": {"session": 1, "period_number": 2, "production_completed": false, "consumption_completed": false, "timestamp": "2023-07-18T21:38:56.863Z", "updated": "2023-07-18T21:38:56.863Z"}}, {"model": "main.sessionperiod", "pk": 403, "fields": {"session": 1, "period_number": 3, "production_completed": false, "consumption_completed": false, "timestamp": "2023-07-18T21:38:56.864Z", "updated": "2023-07-18T21:38:56.864Z"}}, {"model": "main.sessionperiod", "pk": 404, "fields": {"session": 1, "period_number": 4, "production_completed": false, "consumption_completed": false, "timestamp": "2023-07-18T21:38:56.864Z", "updated": "2023-07-18T21:38:56.864Z"}}, {"model": "main.sessionperiod", "pk": 405, "fields": {"session": 1, "period_number": 5, "production_completed": false, "consumption_completed": false, "timestamp": "2023-07-18T21:38:56.864Z", "updated": "2023-07-18T21:38:56.864Z"}}, {"model": "main.sessionperiod", "pk": 406, "fields": {"session": 1, "period_number": 6, "production_completed": false, "consumption_completed": false, "timestamp": "2023-07-18T21:38:56.864Z", "updated": "2023-07-18T21:38:56.864Z"}}, {"model": "main.sessionperiod", "pk": 407, "fields": {"session": 1, "period_number": 7, "production_completed": false, "consumption_completed": false, "timestamp": "2023-07-18T21:38:56.864Z", "updated": "2023-07-18T21:38:56.864Z"}}, {"model": "main.sessionperiod", "pk": 408, "fields": {"session": 1, "period_number": 8, "production_completed": false, "consumption_completed": false, "timestamp": "2023-07-18T21:38:56.864Z", "updated": "2023-07-18T21:38:56.864Z"}}, {"model": "main.sessionperiod", "pk": 409, "fields": {"session": 1, "period_number": 9, "production_completed": false, "consumption_completed": false, "timestamp": "2023-07-18T21:38:56.864Z", "updated": "2023-07-18T21:38:56.864Z"}}, {"model": "main.sessionperiod", "pk": 410, "fields": {"session": 1, "period_number": 10, "production_completed": false, "consumption_completed": false, "timestamp": "2023-07-18T21:38:56.864Z", "updated": "2023-07-18T21:38:56.864Z"}}, {"model": "main.sessionperiod", "pk": 411, "fields": {"session": 1, "period_number": 11, "production_completed": false, "consumption_completed": false, "timestamp": "2023-07-18T21:38:56.864Z", "updated": "2023-07-18T21:38:56.864Z"}}, {"model": "main.sessionperiod", "pk": 412, "fields": {"session": 1, "period_number": 12, "production_completed": false, "consumption_completed": false, "timestamp": "2023-07-18T21:38:56.864Z", "updated": "2023-07-18T21:38:56.864Z"}}, {"model": "main.sessionperiod", "pk": 413, "fields": {"session": 1, "period_number": 13, "production_completed": false, "consumption_completed": false, "timestamp": "2023-07-18T21:38:56.864Z", "updated": "2023-07-18T21:38:56.864Z"}}, {"model": "main.sessionperiod", "pk": 414, "fields": {"session": 1, "period_number": 14, "production_completed": false, "consumption_completed": false, "timestamp": "2023-07-18T21:38:56.864Z", "updated": "2023-07-18T21:38:56.864Z"}}, {"model": "main.sessionperiod", "pk": 415, "fields": {"session": 1, "period_number": 15, "production_completed": false, "consumption_completed": false, "timestamp": "2023-07-18T21:38:56.864Z", "updated": "2023-07-18T21:38:56.864Z"}}, {"model": "main.sessionperiod", "pk": 416, "fields": {"session": 1, "period_number": 16, "production_completed": false, "consumption_completed": false, "timestamp": "2023-07-18T21:38:56.864Z", "updated": "2023-07-18T21:38:56.864Z"}}, {"model": "main.sessionperiod", "pk": 417, "fields": {"session": 1, "period_number": 17, "production_completed": false, "consumption_completed": false, "timestamp": "2023-07-18T21:38:56.864Z", "updated": "2023-07-18T21:38:56.864Z"}}, {"model": "main.sessionperiod", "pk": 418, "fields": {"session": 1, "period_number": 18, "production_completed": false, "consumption_completed": false, "timestamp": "2023-07-18T21:38:56.864Z", "updated": "2023-07-18T21:38:56.864Z"}}, {"model": "main.sessionperiod", "pk": 419, "fields": {"session": 1, "period_number": 19, "production_completed": false, "consumption_completed": false, "timestamp": "2023-07-18T21:38:56.864Z", "updated": "2023-07-18T21:38:56.864Z"}}, {"model": "main.sessionperiod", "pk": 420, "fields": {"session": 1, "period_number": 20, "production_completed": false, "consumption_completed": false, "timestamp": "2023-07-18T21:38:56.864Z", "updated": "2023-07-18T21:38:56.864Z"}}, {"model": "main.sessionperiod", "pk": 1361, "fields": {"session": 3, "period_number": 1, "production_completed": false, "consumption_completed": false, "timestamp": "2023-07-27T20:51:11.655Z", "updated": "2023-07-27T20:51:11.655Z"}}, {"model": "main.sessionperiod", "pk": 1362, "fields": {"session": 3, "period_number": 2, "production_completed": false, "consumption_completed": false, "timestamp": "2023-07-27T20:51:11.656Z", "updated": "2023-07-27T20:51:11.656Z"}}, {"model": "main.sessionperiod", "pk": 1363, "fields": {"session": 3, "period_number": 3, "production_completed": false, "consumption_completed": false, "timestamp": "2023-07-27T20:51:11.656Z", "updated": "2023-07-27T20:51:11.656Z"}}, {"model": "main.sessionperiod", "pk": 1364, "fields": {"session": 3, "period_number": 4, "production_completed": false, "consumption_completed": false, "timestamp": "2023-07-27T20:51:11.656Z", "updated": "2023-07-27T20:51:11.656Z"}}, {"model": "main.sessionperiod", "pk": 1365, "fields": {"session": 3, "period_number": 5, "production_completed": false, "consumption_completed": false, "timestamp": "2023-07-27T20:51:11.656Z", "updated": "2023-07-27T20:51:11.656Z"}}, {"model": "main.sessionperiod", "pk": 1366, "fields": {"session": 3, "period_number": 6, "production_completed": false, "consumption_completed": false, "timestamp": "2023-07-27T20:51:11.656Z", "updated": "2023-07-27T20:51:11.656Z"}}, {"model": "main.sessionperiod", "pk": 1367, "fields": {"session": 3, "period_number": 7, "production_completed": false, "consumption_completed": false, "timestamp": "2023-07-27T20:51:11.656Z", "updated": "2023-07-27T20:51:11.656Z"}}, {"model": "main.sessionperiod", "pk": 1368, "fields": {"session": 3, "period_number": 8, "production_completed": false, "consumption_completed": false, "timestamp": "2023-07-27T20:51:11.656Z", "updated": "2023-07-27T20:51:11.656Z"}}, {"model": "main.sessionperiod", "pk": 1369, "fields": {"session": 3, "period_number": 9, "production_completed": false, "consumption_completed": false, "timestamp": "2023-07-27T20:51:11.656Z", "updated": "2023-07-27T20:51:11.656Z"}}, {"model": "main.sessionperiod", "pk": 1370, "fields": {"session": 3, "period_number": 10, "production_completed": false, "consumption_completed": false, "timestamp": "2023-07-27T20:51:11.656Z", "updated": "2023-07-27T20:51:11.656Z"}}, {"model": "main.sessionperiod", "pk": 1371, "fields": {"session": 3, "period_number": 11, "production_completed": false, "consumption_completed": false, "timestamp": "2023-07-27T20:51:11.656Z", "updated": "2023-07-27T20:51:11.656Z"}}, {"model": "main.sessionperiod", "pk": 1372, "fields": {"session": 3, "period_number": 12, "production_completed": false, "consumption_completed": false, "timestamp": "2023-07-27T20:51:11.656Z", "updated": "2023-07-27T20:51:11.656Z"}}, {"model": "main.sessionperiod", "pk": 1373, "fields": {"session": 3, "period_number": 13, "production_completed": false, "consumption_completed": false, "timestamp": "2023-07-27T20:51:11.656Z", "updated": "2023-07-27T20:51:11.656Z"}}, {"model": "main.sessionperiod", "pk": 1374, "fields": {"session": 3, "period_number": 14, "production_completed": false, "consumption_completed": false, "timestamp": "2023-07-27T20:51:11.656Z", "updated": "2023-07-27T20:51:11.656Z"}}, {"model": "main.sessionperiod", "pk": 1375, "fields": {"session": 3, "period_number": 15, "production_completed": false, "consumption_completed": false, "timestamp": "2023-07-27T20:51:11.656Z", "updated": "2023-07-27T20:51:11.656Z"}}, {"model": "main.sessionperiod", "pk": 1376, "fields": {"session": 3, "period_number": 16, "production_completed": false, "consumption_completed": false, "timestamp": "2023-07-27T20:51:11.656Z", "updated": "2023-07-27T20:51:11.656Z"}}, {"model": "main.sessionperiod", "pk": 1377, "fields": {"session": 3, "period_number": 17, "production_completed": false, "consumption_completed": false, "timestamp": "2023-07-27T20:51:11.656Z", "updated": "2023-07-27T20:51:11.656Z"}}, {"model": "main.sessionperiod", "pk": 1378, "fields": {"session": 3, "period_number": 18, "production_completed": false, "consumption_completed": false, "timestamp": "2023-07-27T20:51:11.656Z", "updated": "2023-07-27T20:51:11.656Z"}}, {"model": "main.sessionperiod", "pk": 1379, "fields": {"session": 3, "period_number": 19, "production_completed": false, "consumption_completed": false, "timestamp": "2023-07-27T20:51:11.656Z", "updated": "2023-07-27T20:51:11.656Z"}}, {"model": "main.sessionperiod", "pk": 1380, "fields": {"session": 3, "period_number": 20, "production_completed": false, "consumption_completed": false, "timestamp": "2023-07-27T20:51:11.656Z", "updated": "2023-07-27T20:51:11.656Z"}}, {"model": "main.sessionplayer", "pk": 7, "fields": {"session": 1, "parameter_set_player": 1, "player_number": 1, "player_key": "6ccb25a5-64e2-43ab-b498-4a0a7dbfbe99", "connecting": false, "connected_count": 7, "name": "", "student_id": "", "email": null, "earnings": 0, "name_submitted": false, "current_instruction": 1, "current_instruction_complete": 0, "instructions_finished": false, "survey_complete": false, "timestamp": "2023-07-17T16:32:14.964Z", "updated": "2023-07-19T00:06:29.296Z"}}, {"model": "main.sessionplayer", "pk": 8, "fields": {"session": 1, "parameter_set_player": 2, "player_number": 2, "player_key": "cf835698-c84d-4bca-b5cc-f1260f117ce5", "connecting": false, "connected_count": 0, "name": "", "student_id": "", "email": null, "earnings": 0, "name_submitted": false, "current_instruction": 1, "current_instruction_complete": 0, "instructions_finished": false, "survey_complete": false, "timestamp": "2023-07-17T16:32:14.969Z", "updated": "2023-07-18T21:38:56.900Z"}}, {"model": "main.sessionplayer", "pk": 40, "fields": {"session": 3, "parameter_set_player": 12, "player_number": 1, "player_key": "b8057656-56d4-4350-97cc-064b4c75eca3", "connecting": false, "connected_count": 65, "name": "", "student_id": "", "email": null, "earnings": 0, "name_submitted": false, "current_instruction": 1, "current_instruction_complete": 0, "instructions_finished": false, "survey_complete": false, "timestamp": "2023-07-24T02:05:38.118Z", "updated": "2023-07-27T20:51:11.672Z"}}, {"model": "main.sessionplayer", "pk": 41, "fields": {"session": 3, "parameter_set_player": 13, "player_number": 2, "player_key": "fcfe3b1c-5341-491b-9d5b-3fd655b17a54", "connecting": false, "connected_count": 0, "name": "", "student_id": "", "email": null, "earnings": 0, "name_submitted": false, "current_instruction": 1, "current_instruction_complete": 0, "instructions_finished": false, "survey_complete": false, "timestamp": "2023-07-24T02:05:38.128Z", "updated": "2023-07-27T20:51:11.682Z"}}, {"model": "main.sessionplayer", "pk": 42, "fields": {"session": 3, "parameter_set_player": 33, "player_number": 3, "player_key": "b79fb7d0-0858-44da-b536-2890d3b2dc05", "connecting": false, "connected_count": 0, "name": "", "student_id": "", "email": null, "earnings": 0, "name_submitted": false, "current_instruction": 1, "current_instruction_complete": 0, "instructions_finished": false, "survey_complete": false, "timestamp": "2023-07-24T02:05:38.134Z", "updated": "2023-07-27T20:51:11.694Z"}}, {"model": "main.sessionplayer", "pk": 43, "fields": {"session": 3, "parameter_set_player": 34, "player_number": 4, "player_key": "10bcc344-a88f-4ff5-83c9-4e9524d46b19", "connecting": false, "connected_count": 0, "name": "", "student_id": "", "email": null, "earnings": 0, "name_submitted": false, "current_instruction": 1, "current_instruction_complete": 0, "instructions_finished": false, "survey_complete": false, "timestamp": "2023-07-24T02:05:38.140Z", "updated": "2023-07-27T20:51:11.714Z"}}, {"model": "main.sessionplayer", "pk": 92, "fields": {"session": 19, "parameter_set_player": 83, "player_number": 1, "player_key": "1faaabf1-8e71-40c1-9aa8-10445b85354f", "connecting": false, "connected_count": 63, "name": "", "student_id": "", "email": null, "earnings": 0, "name_submitted": false, "current_instruction": 1, "current_instruction_complete": 0, "instructions_finished": false, "survey_complete": false, "timestamp": "2023-07-28T00:33:51.182Z", "updated": "2023-08-03T18:19:57.257Z"}}, {"model": "main.sessionplayer", "pk": 93, "fields": {"session": 19, "parameter_set_player": 84, "player_number": 2, "player_key": "d0a422a0-c299-4f8c-849b-2eccf703e1ed", "connecting": false, "connected_count": 4, "name": "", "student_id": "", "email": null, "earnings": 0, "name_submitted": false, "current_instruction": 1, "current_instruction_complete": 0, "instructions_finished": false, "survey_complete": false, "timestamp": "2023-07-28T00:33:51.189Z", "updated": "2023-08-03T18:19:57.262Z"}}, {"model": "main.sessionplayer", "pk": 94, "fields": {"session": 19, "parameter_set_player": 85, "player_number": 3, "player_key": "278783de-827f-4818-a339-d79cb76605b0", "connecting": false, "connected_count": 0, "name": "", "student_id": "", "email": null, "earnings": 0, "name_submitted": false, "current_instruction": 1, "current_instruction_complete": 0, "instructions_finished": false, "survey_complete": false, "timestamp": "2023-07-28T00:33:51.197Z", "updated": "2023-08-03T18:19:57.266Z"}}, {"model": "main.sessionplayer", "pk": 95, "fields": {"session": 19, "parameter_set_player": 86, "player_number": 4, "player_key": "7312c371-7a80-4047-8b9a-c766d275273b", "connecting": false, "connected_count": 0, "name": "", "student_id": "", "email": null, "earnings": 0, "name_submitted": false, "current_instruction": 1, "current_instruction_complete": 0, "instructions_finished": false, "survey_complete": false, "timestamp": "2023-07-28T00:33:51.205Z", "updated": "2023-08-03T18:19:57.274Z"}}, {"model": "main.sessionplayerperiod", "pk": 761, "fields": {"session_period": 401, "session_player": 7, "earnings": 0, "timestamp": "2023-07-18T21:38:56.896Z", "updated": "2023-07-18T21:38:56.896Z"}}, {"model": "main.sessionplayerperiod", "pk": 762, "fields": {"session_period": 402, "session_player": 7, "earnings": 0, "timestamp": "2023-07-18T21:38:56.896Z", "updated": "2023-07-18T21:38:56.896Z"}}, {"model": "main.sessionplayerperiod", "pk": 763, "fields": {"session_period": 403, "session_player": 7, "earnings": 0, "timestamp": "2023-07-18T21:38:56.896Z", "updated": "2023-07-18T21:38:56.896Z"}}, {"model": "main.sessionplayerperiod", "pk": 764, "fields": {"session_period": 404, "session_player": 7, "earnings": 0, "timestamp": "2023-07-18T21:38:56.896Z", "updated": "2023-07-18T21:38:56.896Z"}}, {"model": "main.sessionplayerperiod", "pk": 765, "fields": {"session_period": 405, "session_player": 7, "earnings": 0, "timestamp": "2023-07-18T21:38:56.896Z", "updated": "2023-07-18T21:38:56.896Z"}}, {"model": "main.sessionplayerperiod", "pk": 766, "fields": {"session_period": 406, "session_player": 7, "earnings": 0, "timestamp": "2023-07-18T21:38:56.896Z", "updated": "2023-07-18T21:38:56.896Z"}}, {"model": "main.sessionplayerperiod", "pk": 767, "fields": {"session_period": 407, "session_player": 7, "earnings": 0, "timestamp": "2023-07-18T21:38:56.896Z", "updated": "2023-07-18T21:38:56.896Z"}}, {"model": "main.sessionplayerperiod", "pk": 768, "fields": {"session_period": 408, "session_player": 7, "earnings": 0, "timestamp": "2023-07-18T21:38:56.896Z", "updated": "2023-07-18T21:38:56.896Z"}}, {"model": "main.sessionplayerperiod", "pk": 769, "fields": {"session_period": 409, "session_player": 7, "earnings": 0, "timestamp": "2023-07-18T21:38:56.897Z", "updated": "2023-07-18T21:38:56.897Z"}}, {"model": "main.sessionplayerperiod", "pk": 770, "fields": {"session_period": 410, "session_player": 7, "earnings": 0, "timestamp": "2023-07-18T21:38:56.897Z", "updated": "2023-07-18T21:38:56.897Z"}}, {"model": "main.sessionplayerperiod", "pk": 771, "fields": {"session_period": 411, "session_player": 7, "earnings": 0, "timestamp": "2023-07-18T21:38:56.897Z", "updated": "2023-07-18T21:38:56.897Z"}}, {"model": "main.sessionplayerperiod", "pk": 772, "fields": {"session_period": 412, "session_player": 7, "earnings": 0, "timestamp": "2023-07-18T21:38:56.897Z", "updated": "2023-07-18T21:38:56.897Z"}}, {"model": "main.sessionplayerperiod", "pk": 773, "fields": {"session_period": 413, "session_player": 7, "earnings": 0, "timestamp": "2023-07-18T21:38:56.897Z", "updated": "2023-07-18T21:38:56.897Z"}}, {"model": "main.sessionplayerperiod", "pk": 774, "fields": {"session_period": 414, "session_player": 7, "earnings": 0, "timestamp": "2023-07-18T21:38:56.897Z", "updated": "2023-07-18T21:38:56.897Z"}}, {"model": "main.sessionplayerperiod", "pk": 775, "fields": {"session_period": 415, "session_player": 7, "earnings": 0, "timestamp": "2023-07-18T21:38:56.897Z", "updated": "2023-07-18T21:38:56.897Z"}}, {"model": "main.sessionplayerperiod", "pk": 776, "fields": {"session_period": 416, "session_player": 7, "earnings": 0, "timestamp": "2023-07-18T21:38:56.897Z", "updated": "2023-07-18T21:38:56.897Z"}}, {"model": "main.sessionplayerperiod", "pk": 777, "fields": {"session_period": 417, "session_player": 7, "earnings": 0, "timestamp": "2023-07-18T21:38:56.897Z", "updated": "2023-07-18T21:38:56.897Z"}}, {"model": "main.sessionplayerperiod", "pk": 778, "fields": {"session_period": 418, "session_player": 7, "earnings": 0, "timestamp": "2023-07-18T21:38:56.897Z", "updated": "2023-07-18T21:38:56.897Z"}}, {"model": "main.sessionplayerperiod", "pk": 779, "fields": {"session_period": 419, "session_player": 7, "earnings": 0, "timestamp": "2023-07-18T21:38:56.897Z", "updated": "2023-07-18T21:38:56.897Z"}}, {"model": "main.sessionplayerperiod", "pk": 780, "fields": {"session_period": 420, "session_player": 7, "earnings": 0, "timestamp": "2023-07-18T21:38:56.897Z", "updated": "2023-07-18T21:38:56.897Z"}}, {"model": "main.sessionplayerperiod", "pk": 781, "fields": {"session_period": 401, "session_player": 8, "earnings": 0, "timestamp": "2023-07-18T21:38:56.905Z", "updated": "2023-07-18T21:38:56.905Z"}}, {"model": "main.sessionplayerperiod", "pk": 782, "fields": {"session_period": 402, "session_player": 8, "earnings": 0, "timestamp": "2023-07-18T21:38:56.905Z", "updated": "2023-07-18T21:38:56.905Z"}}, {"model": "main.sessionplayerperiod", "pk": 783, "fields": {"session_period": 403, "session_player": 8, "earnings": 0, "timestamp": "2023-07-18T21:38:56.905Z", "updated": "2023-07-18T21:38:56.905Z"}}, {"model": "main.sessionplayerperiod", "pk": 784, "fields": {"session_period": 404, "session_player": 8, "earnings": 0, "timestamp": "2023-07-18T21:38:56.905Z", "updated": "2023-07-18T21:38:56.905Z"}}, {"model": "main.sessionplayerperiod", "pk": 785, "fields": {"session_period": 405, "session_player": 8, "earnings": 0, "timestamp": "2023-07-18T21:38:56.905Z", "updated": "2023-07-18T21:38:56.905Z"}}, {"model": "main.sessionplayerperiod", "pk": 786, "fields": {"session_period": 406, "session_player": 8, "earnings": 0, "timestamp": "2023-07-18T21:38:56.905Z", "updated": "2023-07-18T21:38:56.905Z"}}, {"model": "main.sessionplayerperiod", "pk": 787, "fields": {"session_period": 407, "session_player": 8, "earnings": 0, "timestamp": "2023-07-18T21:38:56.905Z", "updated": "2023-07-18T21:38:56.905Z"}}, {"model": "main.sessionplayerperiod", "pk": 788, "fields": {"session_period": 408, "session_player": 8, "earnings": 0, "timestamp": "2023-07-18T21:38:56.905Z", "updated": "2023-07-18T21:38:56.905Z"}}, {"model": "main.sessionplayerperiod", "pk": 789, "fields": {"session_period": 409, "session_player": 8, "earnings": 0, "timestamp": "2023-07-18T21:38:56.905Z", "updated": "2023-07-18T21:38:56.905Z"}}, {"model": "main.sessionplayerperiod", "pk": 790, "fields": {"session_period": 410, "session_player": 8, "earnings": 0, "timestamp": "2023-07-18T21:38:56.905Z", "updated": "2023-07-18T21:38:56.905Z"}}, {"model": "main.sessionplayerperiod", "pk": 791, "fields": {"session_period": 411, "session_player": 8, "earnings": 0, "timestamp": "2023-07-18T21:38:56.905Z", "updated": "2023-07-18T21:38:56.905Z"}}, {"model": "main.sessionplayerperiod", "pk": 792, "fields": {"session_period": 412, "session_player": 8, "earnings": 0, "timestamp": "2023-07-18T21:38:56.905Z", "updated": "2023-07-18T21:38:56.905Z"}}, {"model": "main.sessionplayerperiod", "pk": 793, "fields": {"session_period": 413, "session_player": 8, "earnings": 0, "timestamp": "2023-07-18T21:38:56.905Z", "updated": "2023-07-18T21:38:56.905Z"}}, {"model": "main.sessionplayerperiod", "pk": 794, "fields": {"session_period": 414, "session_player": 8, "earnings": 0, "timestamp": "2023-07-18T21:38:56.905Z", "updated": "2023-07-18T21:38:56.905Z"}}, {"model": "main.sessionplayerperiod", "pk": 795, "fields": {"session_period": 415, "session_player": 8, "earnings": 0, "timestamp": "2023-07-18T21:38:56.905Z", "updated": "2023-07-18T21:38:56.905Z"}}, {"model": "main.sessionplayerperiod", "pk": 796, "fields": {"session_period": 416, "session_player": 8, "earnings": 0, "timestamp": "2023-07-18T21:38:56.905Z", "updated": "2023-07-18T21:38:56.905Z"}}, {"model": "main.sessionplayerperiod", "pk": 797, "fields": {"session_period": 417, "session_player": 8, "earnings": 0, "timestamp": "2023-07-18T21:38:56.905Z", "updated": "2023-07-18T21:38:56.905Z"}}, {"model": "main.sessionplayerperiod", "pk": 798, "fields": {"session_period": 418, "session_player": 8, "earnings": 0, "timestamp": "2023-07-18T21:38:56.905Z", "updated": "2023-07-18T21:38:56.905Z"}}, {"model": "main.sessionplayerperiod", "pk": 799, "fields": {"session_period": 419, "session_player": 8, "earnings": 0, "timestamp": "2023-07-18T21:38:56.905Z", "updated": "2023-07-18T21:38:56.905Z"}}, {"model": "main.sessionplayerperiod", "pk": 800, "fields": {"session_period": 420, "session_player": 8, "earnings": 0, "timestamp": "2023-07-18T21:38:56.905Z", "updated": "2023-07-18T21:38:56.905Z"}}, {"model": "main.sessionplayerperiod", "pk": 3921, "fields": {"session_period": 1361, "session_player": 40, "earnings": 0, "timestamp": "2023-07-27T20:51:11.678Z", "updated": "2023-07-27T20:51:11.678Z"}}, {"model": "main.sessionplayerperiod", "pk": 3922, "fields": {"session_period": 1362, "session_player": 40, "earnings": 0, "timestamp": "2023-07-27T20:51:11.678Z", "updated": "2023-07-27T20:51:11.678Z"}}, {"model": "main.sessionplayerperiod", "pk": 3923, "fields": {"session_period": 1363, "session_player": 40, "earnings": 0, "timestamp": "2023-07-27T20:51:11.678Z", "updated": "2023-07-27T20:51:11.678Z"}}, {"model": "main.sessionplayerperiod", "pk": 3924, "fields": {"session_period": 1364, "session_player": 40, "earnings": 0, "timestamp": "2023-07-27T20:51:11.678Z", "updated": "2023-07-27T20:51:11.678Z"}}, {"model": "main.sessionplayerperiod", "pk": 3925, "fields": {"session_period": 1365, "session_player": 40, "earnings": 0, "timestamp": "2023-07-27T20:51:11.678Z", "updated": "2023-07-27T20:51:11.678Z"}}, {"model": "main.sessionplayerperiod", "pk": 3926, "fields": {"session_period": 1366, "session_player": 40, "earnings": 0, "timestamp": "2023-07-27T20:51:11.678Z", "updated": "2023-07-27T20:51:11.678Z"}}, {"model": "main.sessionplayerperiod", "pk": 3927, "fields": {"session_period": 1367, "session_player": 40, "earnings": 0, "timestamp": "2023-07-27T20:51:11.679Z", "updated": "2023-07-27T20:51:11.679Z"}}, {"model": "main.sessionplayerperiod", "pk": 3928, "fields": {"session_period": 1368, "session_player": 40, "earnings": 0, "timestamp": "2023-07-27T20:51:11.679Z", "updated": "2023-07-27T20:51:11.679Z"}}, {"model": "main.sessionplayerperiod", "pk": 3929, "fields": {"session_period": 1369, "session_player": 40, "earnings": 0, "timestamp": "2023-07-27T20:51:11.679Z", "updated": "2023-07-27T20:51:11.679Z"}}, {"model": "main.sessionplayerperiod", "pk": 3930, "fields": {"session_period": 1370, "session_player": 40, "earnings": 0, "timestamp": "2023-07-27T20:51:11.679Z", "updated": "2023-07-27T20:51:11.679Z"}}, {"model": "main.sessionplayerperiod", "pk": 3931, "fields": {"session_period": 1371, "session_player": 40, "earnings": 0, "timestamp": "2023-07-27T20:51:11.679Z", "updated": "2023-07-27T20:51:11.679Z"}}, {"model": "main.sessionplayerperiod", "pk": 3932, "fields": {"session_period": 1372, "session_player": 40, "earnings": 0, "timestamp": "2023-07-27T20:51:11.679Z", "updated": "2023-07-27T20:51:11.679Z"}}, {"model": "main.sessionplayerperiod", "pk": 3933, "fields": {"session_period": 1373, "session_player": 40, "earnings": 0, "timestamp": "2023-07-27T20:51:11.679Z", "updated": "2023-07-27T20:51:11.679Z"}}, {"model": "main.sessionplayerperiod", "pk": 3934, "fields": {"session_period": 1374, "session_player": 40, "earnings": 0, "timestamp": "2023-07-27T20:51:11.679Z", "updated": "2023-07-27T20:51:11.679Z"}}, {"model": "main.sessionplayerperiod", "pk": 3935, "fields": {"session_period": 1375, "session_player": 40, "earnings": 0, "timestamp": "2023-07-27T20:51:11.679Z", "updated": "2023-07-27T20:51:11.679Z"}}, {"model": "main.sessionplayerperiod", "pk": 3936, "fields": {"session_period": 1376, "session_player": 40, "earnings": 0, "timestamp": "2023-07-27T20:51:11.679Z", "updated": "2023-07-27T20:51:11.679Z"}}, {"model": "main.sessionplayerperiod", "pk": 3937, "fields": {"session_period": 1377, "session_player": 40, "earnings": 0, "timestamp": "2023-07-27T20:51:11.679Z", "updated": "2023-07-27T20:51:11.679Z"}}, {"model": "main.sessionplayerperiod", "pk": 3938, "fields": {"session_period": 1378, "session_player": 40, "earnings": 0, "timestamp": "2023-07-27T20:51:11.679Z", "updated": "2023-07-27T20:51:11.679Z"}}, {"model": "main.sessionplayerperiod", "pk": 3939, "fields": {"session_period": 1379, "session_player": 40, "earnings": 0, "timestamp": "2023-07-27T20:51:11.679Z", "updated": "2023-07-27T20:51:11.679Z"}}, {"model": "main.sessionplayerperiod", "pk": 3940, "fields": {"session_period": 1380, "session_player": 40, "earnings": 0, "timestamp": "2023-07-27T20:51:11.679Z", "updated": "2023-07-27T20:51:11.679Z"}}, {"model": "main.sessionplayerperiod", "pk": 3941, "fields": {"session_period": 1361, "session_player": 41, "earnings": 0, "timestamp": "2023-07-27T20:51:11.689Z", "updated": "2023-07-27T20:51:11.689Z"}}, {"model": "main.sessionplayerperiod", "pk": 3942, "fields": {"session_period": 1362, "session_player": 41, "earnings": 0, "timestamp": "2023-07-27T20:51:11.689Z", "updated": "2023-07-27T20:51:11.689Z"}}, {"model": "main.sessionplayerperiod", "pk": 3943, "fields": {"session_period": 1363, "session_player": 41, "earnings": 0, "timestamp": "2023-07-27T20:51:11.689Z", "updated": "2023-07-27T20:51:11.689Z"}}, {"model": "main.sessionplayerperiod", "pk": 3944, "fields": {"session_period": 1364, "session_player": 41, "earnings": 0, "timestamp": "2023-07-27T20:51:11.689Z", "updated": "2023-07-27T20:51:11.689Z"}}, {"model": "main.sessionplayerperiod", "pk": 3945, "fields": {"session_period": 1365, "session_player": 41, "earnings": 0, "timestamp": "2023-07-27T20:51:11.689Z", "updated": "2023-07-27T20:51:11.689Z"}}, {"model": "main.sessionplayerperiod", "pk": 3946, "fields": {"session_period": 1366, "session_player": 41, "earnings": 0, "timestamp": "2023-07-27T20:51:11.689Z", "updated": "2023-07-27T20:51:11.689Z"}}, {"model": "main.sessionplayerperiod", "pk": 3947, "fields": {"session_period": 1367, "session_player": 41, "earnings": 0, "timestamp": "2023-07-27T20:51:11.689Z", "updated": "2023-07-27T20:51:11.689Z"}}, {"model": "main.sessionplayerperiod", "pk": 3948, "fields": {"session_period": 1368, "session_player": 41, "earnings": 0, "timestamp": "2023-07-27T20:51:11.689Z", "updated": "2023-07-27T20:51:11.689Z"}}, {"model": "main.sessionplayerperiod", "pk": 3949, "fields": {"session_period": 1369, "session_player": 41, "earnings": 0, "timestamp": "2023-07-27T20:51:11.689Z", "updated": "2023-07-27T20:51:11.689Z"}}, {"model": "main.sessionplayerperiod", "pk": 3950, "fields": {"session_period": 1370, "session_player": 41, "earnings": 0, "timestamp": "2023-07-27T20:51:11.689Z", "updated": "2023-07-27T20:51:11.689Z"}}, {"model": "main.sessionplayerperiod", "pk": 3951, "fields": {"session_period": 1371, "session_player": 41, "earnings": 0, "timestamp": "2023-07-27T20:51:11.689Z", "updated": "2023-07-27T20:51:11.689Z"}}, {"model": "main.sessionplayerperiod", "pk": 3952, "fields": {"session_period": 1372, "session_player": 41, "earnings": 0, "timestamp": "2023-07-27T20:51:11.689Z", "updated": "2023-07-27T20:51:11.689Z"}}, {"model": "main.sessionplayerperiod", "pk": 3953, "fields": {"session_period": 1373, "session_player": 41, "earnings": 0, "timestamp": "2023-07-27T20:51:11.689Z", "updated": "2023-07-27T20:51:11.689Z"}}, {"model": "main.sessionplayerperiod", "pk": 3954, "fields": {"session_period": 1374, "session_player": 41, "earnings": 0, "timestamp": "2023-07-27T20:51:11.689Z", "updated": "2023-07-27T20:51:11.689Z"}}, {"model": "main.sessionplayerperiod", "pk": 3955, "fields": {"session_period": 1375, "session_player": 41, "earnings": 0, "timestamp": "2023-07-27T20:51:11.689Z", "updated": "2023-07-27T20:51:11.689Z"}}, {"model": "main.sessionplayerperiod", "pk": 3956, "fields": {"session_period": 1376, "session_player": 41, "earnings": 0, "timestamp": "2023-07-27T20:51:11.689Z", "updated": "2023-07-27T20:51:11.689Z"}}, {"model": "main.sessionplayerperiod", "pk": 3957, "fields": {"session_period": 1377, "session_player": 41, "earnings": 0, "timestamp": "2023-07-27T20:51:11.689Z", "updated": "2023-07-27T20:51:11.689Z"}}, {"model": "main.sessionplayerperiod", "pk": 3958, "fields": {"session_period": 1378, "session_player": 41, "earnings": 0, "timestamp": "2023-07-27T20:51:11.689Z", "updated": "2023-07-27T20:51:11.689Z"}}, {"model": "main.sessionplayerperiod", "pk": 3959, "fields": {"session_period": 1379, "session_player": 41, "earnings": 0, "timestamp": "2023-07-27T20:51:11.689Z", "updated": "2023-07-27T20:51:11.689Z"}}, {"model": "main.sessionplayerperiod", "pk": 3960, "fields": {"session_period": 1380, "session_player": 41, "earnings": 0, "timestamp": "2023-07-27T20:51:11.689Z", "updated": "2023-07-27T20:51:11.689Z"}}, {"model": "main.sessionplayerperiod", "pk": 3961, "fields": {"session_period": 1361, "session_player": 42, "earnings": 0, "timestamp": "2023-07-27T20:51:11.711Z", "updated": "2023-07-27T20:51:11.712Z"}}, {"model": "main.sessionplayerperiod", "pk": 3962, "fields": {"session_period": 1362, "session_player": 42, "earnings": 0, "timestamp": "2023-07-27T20:51:11.712Z", "updated": "2023-07-27T20:51:11.712Z"}}, {"model": "main.sessionplayerperiod", "pk": 3963, "fields": {"session_period": 1363, "session_player": 42, "earnings": 0, "timestamp": "2023-07-27T20:51:11.712Z", "updated": "2023-07-27T20:51:11.712Z"}}, {"model": "main.sessionplayerperiod", "pk": 3964, "fields": {"session_period": 1364, "session_player": 42, "earnings": 0, "timestamp": "2023-07-27T20:51:11.712Z", "updated": "2023-07-27T20:51:11.712Z"}}, {"model": "main.sessionplayerperiod", "pk": 3965, "fields": {"session_period": 1365, "session_player": 42, "earnings": 0, "timestamp": "2023-07-27T20:51:11.712Z", "updated": "2023-07-27T20:51:11.712Z"}}, {"model": "main.sessionplayerperiod", "pk": 3966, "fields": {"session_period": 1366, "session_player": 42, "earnings": 0, "timestamp": "2023-07-27T20:51:11.712Z", "updated": "2023-07-27T20:51:11.712Z"}}, {"model": "main.sessionplayerperiod", "pk": 3967, "fields": {"session_period": 1367, "session_player": 42, "earnings": 0, "timestamp": "2023-07-27T20:51:11.712Z", "updated": "2023-07-27T20:51:11.712Z"}}, {"model": "main.sessionplayerperiod", "pk": 3968, "fields": {"session_period": 1368, "session_player": 42, "earnings": 0, "timestamp": "2023-07-27T20:51:11.712Z", "updated": "2023-07-27T20:51:11.712Z"}}, {"model": "main.sessionplayerperiod", "pk": 3969, "fields": {"session_period": 1369, "session_player": 42, "earnings": 0, "timestamp": "2023-07-27T20:51:11.712Z", "updated": "2023-07-27T20:51:11.712Z"}}, {"model": "main.sessionplayerperiod", "pk": 3970, "fields": {"session_period": 1370, "session_player": 42, "earnings": 0, "timestamp": "2023-07-27T20:51:11.712Z", "updated": "2023-07-27T20:51:11.712Z"}}, {"model": "main.sessionplayerperiod", "pk": 3971, "fields": {"session_period": 1371, "session_player": 42, "earnings": 0, "timestamp": "2023-07-27T20:51:11.712Z", "updated": "2023-07-27T20:51:11.712Z"}}, {"model": "main.sessionplayerperiod", "pk": 3972, "fields": {"session_period": 1372, "session_player": 42, "earnings": 0, "timestamp": "2023-07-27T20:51:11.712Z", "updated": "2023-07-27T20:51:11.712Z"}}, {"model": "main.sessionplayerperiod", "pk": 3973, "fields": {"session_period": 1373, "session_player": 42, "earnings": 0, "timestamp": "2023-07-27T20:51:11.712Z", "updated": "2023-07-27T20:51:11.712Z"}}, {"model": "main.sessionplayerperiod", "pk": 3974, "fields": {"session_period": 1374, "session_player": 42, "earnings": 0, "timestamp": "2023-07-27T20:51:11.712Z", "updated": "2023-07-27T20:51:11.712Z"}}, {"model": "main.sessionplayerperiod", "pk": 3975, "fields": {"session_period": 1375, "session_player": 42, "earnings": 0, "timestamp": "2023-07-27T20:51:11.712Z", "updated": "2023-07-27T20:51:11.712Z"}}, {"model": "main.sessionplayerperiod", "pk": 3976, "fields": {"session_period": 1376, "session_player": 42, "earnings": 0, "timestamp": "2023-07-27T20:51:11.712Z", "updated": "2023-07-27T20:51:11.712Z"}}, {"model": "main.sessionplayerperiod", "pk": 3977, "fields": {"session_period": 1377, "session_player": 42, "earnings": 0, "timestamp": "2023-07-27T20:51:11.712Z", "updated": "2023-07-27T20:51:11.712Z"}}, {"model": "main.sessionplayerperiod", "pk": 3978, "fields": {"session_period": 1378, "session_player": 42, "earnings": 0, "timestamp": "2023-07-27T20:51:11.712Z", "updated": "2023-07-27T20:51:11.712Z"}}, {"model": "main.sessionplayerperiod", "pk": 3979, "fields": {"session_period": 1379, "session_player": 42, "earnings": 0, "timestamp": "2023-07-27T20:51:11.712Z", "updated": "2023-07-27T20:51:11.712Z"}}, {"model": "main.sessionplayerperiod", "pk": 3980, "fields": {"session_period": 1380, "session_player": 42, "earnings": 0, "timestamp": "2023-07-27T20:51:11.712Z", "updated": "2023-07-27T20:51:11.712Z"}}, {"model": "main.sessionplayerperiod", "pk": 3981, "fields": {"session_period": 1361, "session_player": 43, "earnings": 0, "timestamp": "2023-07-27T20:51:11.728Z", "updated": "2023-07-27T20:51:11.728Z"}}, {"model": "main.sessionplayerperiod", "pk": 3982, "fields": {"session_period": 1362, "session_player": 43, "earnings": 0, "timestamp": "2023-07-27T20:51:11.728Z", "updated": "2023-07-27T20:51:11.728Z"}}, {"model": "main.sessionplayerperiod", "pk": 3983, "fields": {"session_period": 1363, "session_player": 43, "earnings": 0, "timestamp": "2023-07-27T20:51:11.728Z", "updated": "2023-07-27T20:51:11.728Z"}}, {"model": "main.sessionplayerperiod", "pk": 3984, "fields": {"session_period": 1364, "session_player": 43, "earnings": 0, "timestamp": "2023-07-27T20:51:11.728Z", "updated": "2023-07-27T20:51:11.728Z"}}, {"model": "main.sessionplayerperiod", "pk": 3985, "fields": {"session_period": 1365, "session_player": 43, "earnings": 0, "timestamp": "2023-07-27T20:51:11.728Z", "updated": "2023-07-27T20:51:11.728Z"}}, {"model": "main.sessionplayerperiod", "pk": 3986, "fields": {"session_period": 1366, "session_player": 43, "earnings": 0, "timestamp": "2023-07-27T20:51:11.728Z", "updated": "2023-07-27T20:51:11.728Z"}}, {"model": "main.sessionplayerperiod", "pk": 3987, "fields": {"session_period": 1367, "session_player": 43, "earnings": 0, "timestamp": "2023-07-27T20:51:11.728Z", "updated": "2023-07-27T20:51:11.728Z"}}, {"model": "main.sessionplayerperiod", "pk": 3988, "fields": {"session_period": 1368, "session_player": 43, "earnings": 0, "timestamp": "2023-07-27T20:51:11.728Z", "updated": "2023-07-27T20:51:11.728Z"}}, {"model": "main.sessionplayerperiod", "pk": 3989, "fields": {"session_period": 1369, "session_player": 43, "earnings": 0, "timestamp": "2023-07-27T20:51:11.728Z", "updated": "2023-07-27T20:51:11.728Z"}}, {"model": "main.sessionplayerperiod", "pk": 3990, "fields": {"session_period": 1370, "session_player": 43, "earnings": 0, "timestamp": "2023-07-27T20:51:11.728Z", "updated": "2023-07-27T20:51:11.728Z"}}, {"model": "main.sessionplayerperiod", "pk": 3991, "fields": {"session_period": 1371, "session_player": 43, "earnings": 0, "timestamp": "2023-07-27T20:51:11.728Z", "updated": "2023-07-27T20:51:11.728Z"}}, {"model": "main.sessionplayerperiod", "pk": 3992, "fields": {"session_period": 1372, "session_player": 43, "earnings": 0, "timestamp": "2023-07-27T20:51:11.728Z", "updated": "2023-07-27T20:51:11.728Z"}}, {"model": "main.sessionplayerperiod", "pk": 3993, "fields": {"session_period": 1373, "session_player": 43, "earnings": 0, "timestamp": "2023-07-27T20:51:11.728Z", "updated": "2023-07-27T20:51:11.728Z"}}, {"model": "main.sessionplayerperiod", "pk": 3994, "fields": {"session_period": 1374, "session_player": 43, "earnings": 0, "timestamp": "2023-07-27T20:51:11.728Z", "updated": "2023-07-27T20:51:11.728Z"}}, {"model": "main.sessionplayerperiod", "pk": 3995, "fields": {"session_period": 1375, "session_player": 43, "earnings": 0, "timestamp": "2023-07-27T20:51:11.728Z", "updated": "2023-07-27T20:51:11.728Z"}}, {"model": "main.sessionplayerperiod", "pk": 3996, "fields": {"session_period": 1376, "session_player": 43, "earnings": 0, "timestamp": "2023-07-27T20:51:11.728Z", "updated": "2023-07-27T20:51:11.728Z"}}, {"model": "main.sessionplayerperiod", "pk": 3997, "fields": {"session_period": 1377, "session_player": 43, "earnings": 0, "timestamp": "2023-07-27T20:51:11.728Z", "updated": "2023-07-27T20:51:11.728Z"}}, {"model": "main.sessionplayerperiod", "pk": 3998, "fields": {"session_period": 1378, "session_player": 43, "earnings": 0, "timestamp": "2023-07-27T20:51:11.728Z", "updated": "2023-07-27T20:51:11.728Z"}}, {"model": "main.sessionplayerperiod", "pk": 3999, "fields": {"session_period": 1379, "session_player": 43, "earnings": 0, "timestamp": "2023-07-27T20:51:11.728Z", "updated": "2023-07-27T20:51:11.728Z"}}, {"model": "main.sessionplayerperiod", "pk": 4000, "fields": {"session_period": 1380, "session_player": 43, "earnings": 0, "timestamp": "2023-07-27T20:51:11.728Z", "updated": "2023-07-27T20:51:11.728Z"}}]